,PV,load,EV_availability,EV_time_to_departure,EV_soc_arrival,episode
09/09/2020 17:00,262.1965106,2465.414226,1,21,0.4,0
09/09/2020 18:00,5.231423478,1789.09205,1,20,,0
09/09/2020 19:00,0,738.2375,1,19,,0
09/09/2020 20:00,0,1006.656944,1,18,,0
09/09/2020 21:00,0,1125.781032,1,17,,0
09/09/2020 22:00,0,1069.5,1,16,,0
09/09/2020 23:00,0,977.4721448,1,15,,0
10/09/2020 00:00,3.806049085,628.9958275,1,14,,0
10/09/2020 01:00,0,816.8688982,1,13,,0
10/09/2020 02:00,0,672.1073919,1,12,,0
10/09/2020 03:00,1.261459163,859.321727,1,11,,0
10/09/2020 04:00,0,803.2573018,1,10,,0
10/09/2020 05:00,121.427133,661.9205021,1,9,,0
10/09/2020 06:00,662.489528,1790.247566,1,8,,0
10/09/2020 07:00,3127.349689,640.3715084,1,7,,0
10/09/2020 08:00,6036.684744,704.6834031,1,6,,0
10/09/2020 09:00,7262.22434,1285.451117,1,5,,0
10/09/2020 10:00,5817.489074,2278.387727,1,4,,0
10/09/2020 11:00,8004.027937,1335.040446,1,3,,0
10/09/2020 12:00,8306.616671,1417.421419,1,2,,0
10/09/2020 13:00,5954.658042,2754.168759,1,1,,0
10/09/2020 14:00,4201.233695,3058.913408,0,0,,0
10/09/2020 15:00,1428.6194,2937.900838,0,0,,0
10/09/2020 16:00,335.6695793,2694.99581,0,0,,0
10/09/2020 17:00,127.4562608,1470.019553,0,0,,0
10/09/2020 18:00,1.210812489,795.2715877,0,0,,0
10/09/2020 19:00,1.245622299,750.2228412,0,0,,0
10/09/2020 20:00,0,1037.040278,1,19,0.4,1
10/09/2020 21:00,0,1092.413408,1,18,,1
10/09/2020 22:00,0,1080.702514,1,17,,1
10/09/2020 23:00,0,920.5418994,1,16,,1
11/09/2020 00:00,0,660.3026499,1,15,,1
11/09/2020 01:00,0,831.0111421,1,14,,1
11/09/2020 02:00,0,1365.934449,1,13,,1
11/09/2020 03:00,0,907.2416667,1,12,,1
11/09/2020 04:00,0,784.1243017,1,11,,1
11/09/2020 05:00,123.0946942,701.1787709,1,10,,1
11/09/2020 06:00,238.3826361,900.099162,1,9,,1
11/09/2020 07:00,3000.542094,1236.959666,1,8,,1
11/09/2020 08:00,5156.354494,1323.973501,1,7,,1
11/09/2020 09:00,8026.459613,1203.416435,1,6,,1
11/09/2020 10:00,9530.092063,1072.589136,1,5,,1
11/09/2020 11:00,9784.508711,1076.067039,1,4,,1
11/09/2020 12:00,7474.39663,1093.392458,1,3,,1
11/09/2020 13:00,9147.567409,1166.733612,1,2,,1
11/09/2020 14:00,4730.256606,1276.840056,1,1,,1
11/09/2020 15:00,1248.927095,1184.557263,0,0,,1
11/09/2020 16:00,726.4170779,992.7559275,0,0,,1
11/09/2020 17:00,109.8302345,1329.72905,0,0,,1
11/09/2020 18:00,2.478346459,901.0810056,0,0,,1
11/09/2020 19:00,0,868.4986034,0,0,,1
11/09/2020 20:00,0,1606.705307,0,0,,1
11/09/2020 21:00,0,1368.578801,0,0,,1
11/09/2020 22:00,0,1344.326843,1,11,0.4,2
11/09/2020 23:00,1.271405388,1335.300279,1,10,,2
12/09/2020 00:00,0,764.9930362,1,9,,2
12/09/2020 01:00,0,843.8100559,1,8,,2
12/09/2020 02:00,0,1149.460362,1,7,,2
12/09/2020 03:00,0,1063.476323,1,6,,2
12/09/2020 04:00,0,848.5132497,1,5,,2
12/09/2020 05:00,48.53608331,3842.340782,1,4,,2
12/09/2020 06:00,204.4760775,3407.061453,1,3,,2
12/09/2020 07:00,2809.175542,3192.628492,1,2,,2
12/09/2020 08:00,5480.510971,1985.586592,1,1,,2
12/09/2020 09:00,7555.792566,2592.561453,0,0,,2
12/09/2020 10:00,8421.263073,1385.623955,1,27,0.4,3
12/09/2020 11:00,7810.166637,1664.246175,1,26,,3
12/09/2020 12:00,5994.321657,2882.659693,1,25,,3
12/09/2020 13:00,2867.764377,2789.655028,1,24,,3
12/09/2020 14:00,2310.332014,3830.953911,1,23,,3
12/09/2020 15:00,1047.628823,4441.67364,1,22,,3
12/09/2020 16:00,657.9203718,3198.544568,1,21,,3
12/09/2020 17:00,122.1642918,1393.214784,1,20,,3
12/09/2020 18:00,1.25986816,1201.205307,1,19,,3
12/09/2020 19:00,0,1303.298883,1,18,,3
12/09/2020 20:00,0,1288.847765,1,17,,3
12/09/2020 21:00,0,1754.068436,1,16,,3
12/09/2020 22:00,0,1140.639665,1,15,,3
12/09/2020 23:00,0,1122.342179,1,14,,3
13/09/2020 00:00,0,1196.832636,1,13,,3
13/09/2020 01:00,0,1452.040334,1,12,,3
13/09/2020 02:00,0,1078.736769,1,11,,3
13/09/2020 03:00,0,1132.062674,1,10,,3
13/09/2020 04:00,0,1054.044568,1,9,,3
13/09/2020 05:00,83.54916063,4355.20781,1,8,,3
13/09/2020 06:00,350.4102743,2630.154167,1,7,,3
13/09/2020 07:00,2896.761519,3398.984658,1,6,,3
13/09/2020 08:00,5710.432725,4601.225941,1,5,,3
13/09/2020 09:00,7608.343124,4461.723849,1,4,,3
13/09/2020 10:00,8583.995952,2698.643454,1,3,,3
13/09/2020 11:00,8908.461143,2527.622036,1,2,,3
13/09/2020 12:00,8785.340084,4888.065642,1,1,,3
13/09/2020 13:00,8028.322173,2592.775766,0,0,,3
13/09/2020 14:00,6393.266753,3277.072323,0,0,,3
13/09/2020 15:00,4482.19254,4476.469444,0,0,,3
13/09/2020 16:00,1898.633823,1437.460251,1,23,0.2,4
13/09/2020 17:00,170.2129871,1179.899582,1,22,,4
13/09/2020 18:00,1.245296399,1232.798331,1,21,,4
13/09/2020 19:00,0,1718.5875,1,20,,4
13/09/2020 20:00,0,1269.919107,1,19,,4
13/09/2020 21:00,0,1093.899582,1,18,,4
13/09/2020 22:00,0,1108.369081,1,17,,4
13/09/2020 23:00,0,1121.026536,1,16,,4
14/09/2020 00:00,0,1825.706215,1,15,,4
14/09/2020 01:00,0,980.3310056,1,14,,4
14/09/2020 02:00,0,1038.634078,1,13,,4
14/09/2020 03:00,0,1085.51257,1,12,,4
14/09/2020 04:00,0,1118.335655,1,11,,4
14/09/2020 05:00,90.99163443,1976.851182,1,10,,4
14/09/2020 06:00,341.3066987,6112.601955,1,9,,4
14/09/2020 07:00,2936.703793,5355.067039,1,8,,4
14/09/2020 08:00,5682.006101,10261.77654,1,7,,4
14/09/2020 09:00,7472.64561,3666.48324,1,6,,4
14/09/2020 10:00,8646.57704,3599.292479,1,5,,4
14/09/2020 11:00,9239.809304,3418.774373,1,4,,4
14/09/2020 12:00,9032.392088,2542.990223,1,3,,4
14/09/2020 13:00,8374.00155,2955.60251,1,2,,4
14/09/2020 14:00,6798.619973,2719.339286,1,1,,4
14/09/2020 15:00,4684.877057,2940.515363,0,0,,4
14/09/2020 16:00,1489.962653,1509.761173,0,0,,4
14/09/2020 17:00,155.2095626,2195.885475,0,0,,4
14/09/2020 18:00,1.245780652,4292.019526,0,0,,4
14/09/2020 19:00,0,2573.898329,0,0,,4
14/09/2020 20:00,0,1232.428173,1,16,0.4,5
14/09/2020 21:00,0,1248.171309,1,15,,5
14/09/2020 22:00,0,1161.52514,1,14,,5
14/09/2020 23:00,0,1090.174581,1,13,,5
15/09/2020 00:00,0,1115.405028,1,12,,5
15/09/2020 01:00,0,720.488145,1,11,,5
15/09/2020 02:00,0,798.5927476,1,10,,5
15/09/2020 03:00,0,1916.171788,1,9,,5
15/09/2020 04:00,0,1151.018156,1,8,,5
15/09/2020 05:00,51.49734535,1486.002793,1,7,,5
15/09/2020 06:00,183.1149597,2521.583799,1,6,,5
15/09/2020 07:00,2740.277528,3130.52933,1,5,,5
15/09/2020 08:00,5610.139434,2440.5,1,4,,5
15/09/2020 09:00,7336.273581,4154.739191,1,3,,5
15/09/2020 10:00,8360.987281,9089.090278,1,2,,5
15/09/2020 11:00,8815.233733,2395.539749,1,1,,5
15/09/2020 12:00,8539.667455,4867.191074,0,0,,5
15/09/2020 13:00,7692.844495,5795.873259,0,0,,5
15/09/2020 14:00,6007.489098,4760.615599,0,0,,5
15/09/2020 15:00,3497.781706,5551.615599,0,0,,5
15/09/2020 16:00,1266.646325,1630.417827,0,0,,5
15/09/2020 17:00,112.6407852,1485.144847,1,21,0.4,6
15/09/2020 18:00,0,2220.041841,1,20,,6
15/09/2020 19:00,0,3049.803621,1,19,,6
15/09/2020 20:00,0,2811.932961,1,18,,6
15/09/2020 21:00,0,2842.125348,1,17,,6
15/09/2020 22:00,0,2770.198611,1,16,,6
15/09/2020 23:00,0,2710.700974,1,15,,6
16/09/2020 00:00,0,2801.564854,1,14,,6
16/09/2020 01:00,0,1852.536857,1,13,,6
16/09/2020 02:00,0,872.3030726,1,12,,6
16/09/2020 03:00,0,1088.584722,1,11,,6
16/09/2020 04:00,0,1146.7375,1,10,,6
16/09/2020 05:00,46.8860606,1850.097765,1,9,,6
16/09/2020 06:00,223.0873048,4473.817803,1,8,,6
16/09/2020 07:00,784.0654527,5190.532775,1,7,,6
16/09/2020 08:00,6023.961512,3614.322626,1,6,,6
16/09/2020 09:00,4559.93297,9142.78352,1,5,,6
16/09/2020 10:00,9898.452038,2259.557263,1,4,,6
16/09/2020 11:00,4479.808163,3948.27514,1,3,,6
16/09/2020 12:00,4097.190883,3401.892458,1,2,,6
16/09/2020 13:00,3075.481431,6473.075419,1,1,,6
16/09/2020 14:00,2842.267532,4405.962448,0,0,,6
16/09/2020 15:00,1172.345082,3150.355153,0,0,,6
16/09/2020 16:00,1124.305301,1201.631433,0,0,,6
16/09/2020 17:00,79.43744489,2691.068436,0,0,,6
16/09/2020 18:00,0,4230.187151,1,15,0.3,7
16/09/2020 19:00,0,2224.844755,1,14,,7
16/09/2020 20:00,0,1298.709318,1,13,,7
16/09/2020 21:00,0,1236.831241,1,12,,7
16/09/2020 22:00,0,2055.979138,1,11,,7
16/09/2020 23:00,0,1096.016736,1,10,,7
17/09/2020 00:00,0,1140.297222,1,9,,7
17/09/2020 01:00,0,977.5006954,1,8,,7
17/09/2020 02:00,0,1250.013947,1,7,,7
17/09/2020 03:00,0,1668.299443,1,6,,7
17/09/2020 04:00,0,1111.133705,1,5,,7
17/09/2020 05:00,48.39025924,1459.548117,1,4,,7
17/09/2020 06:00,191.4435322,3841.659218,1,3,,7
17/09/2020 07:00,2667.042807,5056.01669,1,2,,7
17/09/2020 08:00,5595.357819,1756.910615,1,1,,7
17/09/2020 09:00,7347.706511,1468.064246,0,0,,7
17/09/2020 10:00,8308.907145,10403.3844,0,0,,7
17/09/2020 11:00,8747.241599,3183.879888,0,0,,7
17/09/2020 12:00,8701.866113,4462.794693,0,0,,7
17/09/2020 13:00,6595.714318,4735.420613,0,0,,7
17/09/2020 14:00,1042.865488,5833.899721,0,0,,7
17/09/2020 15:00,1767.557345,7443.55788,0,0,,7
17/09/2020 16:00,841.9141674,4084.167832,0,0,,7
17/09/2020 17:00,66.09776224,4089.988827,1,18,0.2,8
17/09/2020 18:00,0,4551.270195,1,17,,8
17/09/2020 19:00,1.20743725,4597.935933,1,16,,8
17/09/2020 20:00,1.223485665,3856.475593,1,15,,8
17/09/2020 21:00,2.484897009,1519.367318,1,14,,8
17/09/2020 22:00,1.246177597,1182.485396,1,13,,8
17/09/2020 23:00,0,1117.123611,1,12,,8
18/09/2020 00:00,1.26929825,1149.51676,1,11,,8
18/09/2020 01:00,0,1771.516713,1,10,,8
18/09/2020 02:00,0,1080.334262,1,9,,8
18/09/2020 03:00,0,1007.351955,1,8,,8
18/09/2020 04:00,0,1207.579609,1,7,,8
18/09/2020 05:00,79.02547343,1978.96648,1,6,,8
18/09/2020 06:00,290.4431563,2712.272346,1,5,,8
18/09/2020 07:00,2615.175679,1972.139665,1,4,,8
18/09/2020 08:00,5551.564136,2347.873082,1,3,,8
18/09/2020 09:00,7445.668437,10157.28889,1,2,,8
18/09/2020 10:00,8496.038518,2083.502786,1,1,,8
18/09/2020 11:00,8994.915733,3810.04039,0,0,,8
18/09/2020 12:00,8957.486192,4678.293872,0,0,,8
18/09/2020 13:00,7949.059441,6788.209205,0,0,,8
18/09/2020 14:00,5932.056802,4484.588563,0,0,,8
18/09/2020 15:00,2863.566783,5181.866481,0,0,,8
18/09/2020 16:00,1437.501894,2967.739554,0,0,,8
18/09/2020 17:00,122.2485029,2842.301676,0,0,,8
18/09/2020 18:00,0,1815,0,0,,8
18/09/2020 19:00,0,1546.054469,0,0,,8
18/09/2020 20:00,0,1209.993017,0,0,,8
18/09/2020 21:00,0,987.4371508,1,20,0.4,9
18/09/2020 22:00,0,950.0083799,1,19,,9
18/09/2020 23:00,0,1495.364017,1,18,,9
19/09/2020 00:00,0,850.2726008,1,17,,9
19/09/2020 01:00,0,832.7252441,1,16,,9
19/09/2020 02:00,0,1492.578212,1,15,,9
19/09/2020 03:00,0,742.575419,1,14,,9
19/09/2020 04:00,1.238920792,926.1432545,1,13,,9
19/09/2020 05:00,81.69014415,1873.561281,1,12,,9
19/09/2020 06:00,400.5849067,2153.947075,1,11,,9
19/09/2020 07:00,753.4911304,2853.27514,1,10,,9
19/09/2020 08:00,1477.729951,3431.431564,1,9,,9
19/09/2020 09:00,2629.210291,3275.822626,1,8,,9
19/09/2020 10:00,1268.713341,6543.76676,1,7,,9
19/09/2020 11:00,2538.432394,5986.055866,1,6,,9
19/09/2020 12:00,2019.479813,4697.438547,1,5,,9
19/09/2020 13:00,4337.579357,8018.740947,1,4,,9
19/09/2020 14:00,5101.961178,4934.099162,1,3,,9
19/09/2020 15:00,2869.383446,3920.275,1,2,,9
19/09/2020 16:00,1899.771151,1841.004184,1,1,,9
19/09/2020 17:00,95.66656306,892.1227336,0,0,,9
19/09/2020 18:00,2.466535648,2137.201389,0,0,,9
19/09/2020 19:00,0,2986.496523,0,0,,9
19/09/2020 20:00,1.259289067,1433.919107,1,18,0.2,10
19/09/2020 21:00,0,850.8091922,1,17,,10
19/09/2020 22:00,0,1461.970711,1,16,,10
19/09/2020 23:00,0,837.4986034,1,15,,10
20/09/2020 00:00,0,1566.877437,1,14,,10
20/09/2020 01:00,0,815.0389972,1,13,,10
20/09/2020 02:00,0,821.7479109,1,12,,10
20/09/2020 03:00,0,726.3894298,1,11,,10
20/09/2020 04:00,1.319959616,1370.0625,1,10,,10
20/09/2020 05:00,55.33626056,930.3551532,1,9,,10
20/09/2020 06:00,478.6851583,668.9329609,1,8,,10
20/09/2020 07:00,2484.311607,3271.324513,1,7,,10
20/09/2020 08:00,5559.885609,2782.445682,1,6,,10
20/09/2020 09:00,7932.147826,3835.413649,1,5,,10
20/09/2020 10:00,9416.497345,3284.212291,1,4,,10
20/09/2020 11:00,6644.375584,2701.614525,1,3,,10
20/09/2020 12:00,2989.239433,2216.124302,1,2,,10
20/09/2020 13:00,1184.169115,2453.694134,1,1,,10
20/09/2020 14:00,971.7061557,2471.153631,0,0,,10
20/09/2020 15:00,1599.203336,2124.842179,0,0,,10
20/09/2020 16:00,544.3288444,730.0920502,0,0,,10
20/09/2020 17:00,44.23515009,820.4295676,0,0,,10
20/09/2020 18:00,0,797.4839609,0,0,,10
20/09/2020 19:00,0,1743.815642,0,0,,10
20/09/2020 20:00,0,925.6337047,0,0,,10
20/09/2020 21:00,0,1121.917598,1,18,0.3,11
20/09/2020 22:00,2.592337874,1181.941504,1,17,,11
20/09/2020 23:00,1.30061864,902.0878661,1,16,,11
21/09/2020 00:00,0,727.5780591,1,15,,11
21/09/2020 01:00,0,1474.341226,1,14,,11
21/09/2020 02:00,0,759.0796089,1,13,,11
21/09/2020 03:00,0,748.7966574,1,12,,11
21/09/2020 04:00,2.551008998,1533.5,1,11,,11
21/09/2020 05:00,90.13694688,1710.339385,1,10,,11
21/09/2020 06:00,359.4751053,712.3314763,1,9,,11
21/09/2020 07:00,2744.123733,679.6462396,1,8,,11
21/09/2020 08:00,2493.390813,1220.074022,1,7,,11
21/09/2020 09:00,5376.76554,805.5146444,1,6,,11
21/09/2020 10:00,9162.864083,883.162726,1,5,,11
21/09/2020 11:00,5037.659274,912.2067039,1,4,,11
21/09/2020 12:00,2246.426161,742.3477654,1,3,,11
21/09/2020 13:00,2253.059356,800.8980447,1,2,,11
21/09/2020 14:00,2556.42824,768.8589385,1,1,,11
21/09/2020 15:00,2660.150591,1482.910615,0,0,,11
21/09/2020 16:00,1050.307793,836.3310056,0,0,,11
21/09/2020 17:00,90.8235965,921.8354254,1,22,0.3,12
21/09/2020 18:00,0,934.6801113,1,21,,12
21/09/2020 19:00,1.270089319,963.2454672,1,20,,12
21/09/2020 20:00,0,1047.164804,1,19,,12
21/09/2020 21:00,0,882.7849162,1,18,,12
21/09/2020 22:00,0,953.5048815,1,17,,12
21/09/2020 23:00,0,842.4273743,1,16,,12
22/09/2020 00:00,1.295174829,748.3128492,1,15,,12
22/09/2020 01:00,0,797.9373259,1,14,,12
22/09/2020 02:00,0,862.4888268,1,13,,12
22/09/2020 03:00,0,761.5062762,1,12,,12
22/09/2020 04:00,0,1339.5,1,11,,12
22/09/2020 05:00,33.11450833,875.0251397,1,10,,12
22/09/2020 06:00,172.3498999,964.8247566,1,9,,12
22/09/2020 07:00,1211.482854,1279.429568,1,8,,12
22/09/2020 08:00,3781.527761,1384.619444,1,7,,12
22/09/2020 09:00,3521.614292,5062.107392,1,6,,12
22/09/2020 10:00,3217.540868,4695.614743,1,5,,12
22/09/2020 11:00,4585.721376,3111.900838,1,4,,12
22/09/2020 12:00,5763.816352,1156.067039,1,3,,12
22/09/2020 13:00,3637.464643,872.4664804,1,2,,12
22/09/2020 14:00,1716.199759,730.127095,1,1,,12
22/09/2020 15:00,1066.041346,795.6997207,0,0,,12
22/09/2020 16:00,575.2423552,768.25,1,24,0.5,13
22/09/2020 17:00,55.88296059,643.8100559,1,23,,13
22/09/2020 18:00,2.531605189,889.5312935,1,22,,13
22/09/2020 19:00,1.277743187,815.4623955,1,21,,13
22/09/2020 20:00,1.293885393,699.4518828,1,20,,13
22/09/2020 21:00,0,904.3133705,1,19,,13
22/09/2020 22:00,0,782.3690808,1,18,,13
22/09/2020 23:00,0,755.3955432,1,17,,13
23/09/2020 00:00,0,799.9818942,1,16,,13
23/09/2020 01:00,1.303149363,825.8942976,1,15,,13
23/09/2020 02:00,0,686.3760446,1,14,,13
23/09/2020 03:00,0,855.7472067,1,13,,13
23/09/2020 04:00,0,846.1478382,1,12,,13
23/09/2020 05:00,38.11407618,647.13947,1,11,,13
23/09/2020 06:00,549.315784,586.6326816,1,10,,13
23/09/2020 07:00,3579.269482,835.54039,1,9,,13
23/09/2020 08:00,5435.291813,634.5777778,1,8,,13
23/09/2020 09:00,6870.022488,814.0320334,1,7,,13
23/09/2020 10:00,9514.325741,757.0544693,1,6,,13
23/09/2020 11:00,6080.194157,799.3880389,1,5,,13
23/09/2020 12:00,2652.103752,833.9123783,1,4,,13
23/09/2020 13:00,2105.477296,800.0460251,1,3,,13
23/09/2020 14:00,1657.187301,756.2228412,1,2,,13
23/09/2020 15:00,1296.743094,853.0821727,1,1,,13
23/09/2020 16:00,321.6132693,846.4041958,0,0,,13
23/09/2020 17:00,24.39030677,662.5405028,0,0,,13
23/09/2020 18:00,0,895.0334262,1,21,0.3,14
23/09/2020 19:00,0,827.8493724,1,20,,14
23/09/2020 20:00,0,736.2747559,1,19,,14
23/09/2020 21:00,0,856.5969317,1,18,,14
23/09/2020 22:00,1.306926504,828.2304469,1,17,,14
23/09/2020 23:00,1.29629424,674.7136872,1,16,,14
24/09/2020 00:00,0,839.777933,1,15,,14
24/09/2020 01:00,2.680037851,841.9832636,1,14,,14
24/09/2020 02:00,0,685.1794159,1,13,,14
24/09/2020 03:00,0,883.4435146,1,12,,14
24/09/2020 04:00,1.289962364,802.650904,1,11,,14
24/09/2020 05:00,53.75102135,700.9441341,1,10,,14
24/09/2020 06:00,560.11501,626.5851955,1,9,,14
24/09/2020 07:00,2620.355166,679.25,1,8,,14
24/09/2020 08:00,2978.665058,716.7116992,1,7,,14
24/09/2020 09:00,4561.063975,877.5843794,1,6,,14
24/09/2020 10:00,3920.612092,3689.201117,1,5,,14
24/09/2020 11:00,2903.505171,6478.725381,1,4,,14
24/09/2020 12:00,3447.345374,8848.662483,1,3,,14
24/09/2020 13:00,5697.276907,7411.782427,1,2,,14
24/09/2020 14:00,3646.462598,3214.247566,1,1,,14
24/09/2020 15:00,913.3128295,3621.596369,0,0,,14
24/09/2020 16:00,376.0361412,3781.172028,0,0,,14
24/09/2020 17:00,7.818260081,3591.110028,1,19,0.3,15
24/09/2020 18:00,0,4194.614743,1,18,,15
24/09/2020 19:00,1.297367113,3474.620306,1,17,,15
24/09/2020 20:00,0,2631.279944,1,16,,15
24/09/2020 21:00,0,2799.919332,1,15,,15
24/09/2020 22:00,0,2761.765363,1,14,,15
24/09/2020 23:00,0,1637.756983,1,13,,15
25/09/2020 00:00,4.052919706,1069.637378,1,12,,15
25/09/2020 01:00,1.335300494,1118.810585,1,11,,15
25/09/2020 02:00,1.334038112,1125.598053,1,10,,15
25/09/2020 03:00,0,1039.222378,1,9,,15
25/09/2020 04:00,2.777977359,1140.877095,1,8,,15
25/09/2020 05:00,12.85667146,3522.399441,1,7,,15
25/09/2020 06:00,129.9707119,3447.714485,1,6,,15
25/09/2020 07:00,198.2261682,2087.23152,1,5,,15
25/09/2020 08:00,380.2298987,1928.04039,1,4,,15
25/09/2020 09:00,1303.906764,1248.250696,1,3,,15
25/09/2020 10:00,1749.246152,1289.517434,1,2,,15
25/09/2020 11:00,3023.821638,1003.509777,1,1,,15
25/09/2020 12:00,3109.929453,3026.804742,0,0,,15
25/09/2020 13:00,3826.486259,4746.453278,0,0,,15
25/09/2020 14:00,1187.008743,3654.13491,0,0,,15
25/09/2020 15:00,1160.565163,3064.521106,0,0,,15
25/09/2020 16:00,471.934677,3495.92545,0,0,,15
25/09/2020 17:00,26.06871146,1220.958904,0,0,,15
25/09/2020 18:00,1.375772702,1274.796247,0,0,,15
25/09/2020 19:00,0,1364.937008,1,17,0.3,16
25/09/2020 20:00,4.213885799,1208.669399,1,16,,16
25/09/2020 21:00,0,1165.644205,1,15,,16
25/09/2020 22:00,1.423781355,1108.963483,1,14,,16
25/09/2020 23:00,0,1091.289694,1,13,,16
26/09/2020 00:00,0,1101.938992,1,12,,16
26/09/2020 01:00,0,1038.619171,1,11,,16
26/09/2020 02:00,1.407095541,1077.018519,1,10,,16
26/09/2020 03:00,5.570617709,1120.883289,1,9,,16
26/09/2020 04:00,4.150213927,1064.579787,1,8,,16
26/09/2020 05:00,24.65495025,3279.216931,1,7,,16
26/09/2020 06:00,270.8476048,3072.676393,1,6,,16
26/09/2020 07:00,1262.803532,5760.214085,1,5,,16
26/09/2020 08:00,1824.7601,7576.627778,1,4,,16
26/09/2020 09:00,3184.110233,11459.86297,1,3,,16
26/09/2020 10:00,4528.206917,22784.52101,1,2,,16
26/09/2020 11:00,8400.448352,14332.32402,1,1,,16
26/09/2020 12:00,3936.572947,16232.12709,0,0,,16
26/09/2020 13:00,5231.716648,18825.10167,0,0,,16
26/09/2020 14:00,2515.213609,11256.89121,0,0,,16
26/09/2020 15:00,1112.367366,8157.846939,0,0,,16
26/09/2020 16:00,406.2408409,2943.38843,0,0,,16
26/09/2020 17:00,42.34718795,2891.017857,0,0,,16
26/09/2020 18:00,2.773284059,1264.727979,0,0,,16
26/09/2020 19:00,2.796566278,1177.676093,0,0,,16
26/09/2020 20:00,1.414676261,1261.968668,0,0,,16
26/09/2020 21:00,2.919983505,1113.019704,0,0,,16
26/09/2020 22:00,2.927777214,1111.07513,1,15,0.3,17
26/09/2020 23:00,1.423709685,1034.143229,1,14,,17
27/09/2020 00:00,2.828644587,1085.829333,1,13,,17
27/09/2020 01:00,10.14300549,1003.124031,1,12,,17
27/09/2020 02:00,1.420066025,1042.554124,1,11,,17
27/09/2020 03:00,4.205163983,998.8918919,1,10,,17
27/09/2020 04:00,2.780468993,1095.093995,1,9,,17
27/09/2020 05:00,82.12725865,3753.419948,1,8,,17
27/09/2020 06:00,749.5316789,3103.913279,1,7,,17
27/09/2020 07:00,1941.850495,5499.485411,1,6,,17
27/09/2020 08:00,4653.365033,6406.899729,1,5,,17
27/09/2020 09:00,8304.965151,4609.968839,1,4,,17
27/09/2020 10:00,7127.223282,4383.554152,1,3,,17
27/09/2020 11:00,5445.677886,3055.316156,1,2,,17
27/09/2020 12:00,4378.024155,6452.853352,1,1,,17
27/09/2020 13:00,4674.651965,9275.586926,0,0,,17
27/09/2020 14:00,6547.329522,16518.9205,0,0,,17
27/09/2020 15:00,2874.197492,12871.68436,0,0,,17
27/09/2020 16:00,1039.387884,14294.49721,0,0,,17
27/09/2020 17:00,100.7488701,13587.26816,0,0,,17
27/09/2020 18:00,0,12086.56303,1,22,0.4,18
27/09/2020 19:00,1.366947249,3294.405405,1,21,,18
27/09/2020 20:00,0,1150.859504,1,20,,18
27/09/2020 21:00,1.394653739,1101.223188,1,19,,18
27/09/2020 22:00,0,1048.112994,1,18,,18
27/09/2020 23:00,4.216944026,1050.441799,1,17,,18
28/09/2020 00:00,1.400974541,1044.926346,1,16,,18
28/09/2020 01:00,0,1101.455041,1,15,,18
28/09/2020 02:00,2.774634825,1072.938303,1,14,,18
28/09/2020 03:00,2.764279011,1082.767507,1,13,,18
28/09/2020 04:00,1.375668133,3950.533333,1,12,,18
28/09/2020 05:00,21.29330234,3212.187668,1,11,,18
28/09/2020 06:00,369.9256932,2756.869681,1,10,,18
28/09/2020 07:00,1302.906928,3317.603306,1,9,,18
28/09/2020 08:00,3501.390349,3829.130319,1,8,,18
28/09/2020 09:00,7462.894786,1453.768657,1,7,,18
28/09/2020 10:00,9078.335633,5210.033259,1,6,,18
28/09/2020 11:00,9866.547608,5488.055633,1,5,,18
28/09/2020 12:00,9177.12464,12786.36872,1,4,,18
28/09/2020 13:00,8024.56576,15170.42458,1,3,,18
28/09/2020 14:00,6127.703955,15187.48883,1,2,,18
28/09/2020 15:00,3361.985831,5606.537709,1,1,,18
28/09/2020 16:00,503.5964977,4465.452514,0,0,,18
28/09/2020 17:00,28.96635708,1082.966574,1,18,0.3,19
28/09/2020 18:00,8.823257724,1132.529167,1,17,,19
28/09/2020 19:00,1.36017911,1322.534722,1,16,,19
28/09/2020 20:00,0,1209.424581,1,15,,19
28/09/2020 21:00,0,1110.409218,1,14,,19
28/09/2020 22:00,0,1130.784916,1,13,,19
28/09/2020 23:00,0,1094.381616,1,12,,19
29/09/2020 00:00,0,1090.210894,1,11,,19
29/09/2020 01:00,0,1034.16129,1,10,,19
29/09/2020 02:00,0,1090.08078,1,9,,19
29/09/2020 03:00,0,1079.469359,1,8,,19
29/09/2020 04:00,0,1085.910987,1,7,,19
29/09/2020 05:00,6.95111698,2502.656463,1,6,,19
29/09/2020 06:00,82.08319126,2050.710692,1,5,,19
29/09/2020 07:00,326.0755789,3137.474053,1,4,,19
29/09/2020 08:00,433.5001949,3318.275766,1,3,,19
29/09/2020 09:00,518.961572,2371.11822,1,2,,19
29/09/2020 10:00,1607.171091,3284.577406,1,1,,19
29/09/2020 11:00,2844.352997,4591.417598,0,0,,19
29/09/2020 12:00,4409.148749,9967.069832,0,0,,19
29/09/2020 13:00,9371.41113,9409.220979,0,0,,19
29/09/2020 14:00,3455.008166,10642.04742,0,0,,19
29/09/2020 15:00,1861.99981,14032.98184,0,0,,19
29/09/2020 16:00,879.0863562,8642.331006,0,0,,19
29/09/2020 17:00,43.27034216,9959.579387,0,0,,19
29/09/2020 18:00,0,8284.650418,0,0,,19
29/09/2020 19:00,2.629661321,4248.10585,0,0,,19
29/09/2020 20:00,0,1237.213092,0,0,,19
29/09/2020 21:00,1.332826916,1043.110335,0,0,,19
29/09/2020 22:00,1.344030297,1106.136872,1,15,0.2,20
29/09/2020 23:00,0,1066.477654,1,14,,20
30/09/2020 00:00,0,1098.571229,1,13,,20
30/09/2020 01:00,2.671333874,1056.166898,1,12,,20
30/09/2020 02:00,0,1072.528591,1,11,,20
30/09/2020 03:00,0,1145.589708,1,10,,20
30/09/2020 04:00,0,1015.355153,1,9,,20
30/09/2020 05:00,22.31134063,3780.621508,1,8,,20
30/09/2020 06:00,217.6521278,5624.653686,1,7,,20
30/09/2020 07:00,1956.132289,2953.247207,1,6,,20
30/09/2020 08:00,5581.501209,2613.442737,1,5,,20
30/09/2020 09:00,7444.099133,2289.689944,1,4,,20
30/09/2020 10:00,8485.198869,1605.534819,1,3,,20
30/09/2020 11:00,8777.793276,1726.859135,1,2,,20
30/09/2020 12:00,8400.818166,1439.695531,1,1,,20
30/09/2020 13:00,7241.929674,5748.396648,0,0,,20
30/09/2020 14:00,5547.002907,4291.642458,1,21,0.4,21
30/09/2020 15:00,2957.005731,2707.807263,1,20,,21
30/09/2020 16:00,252.4138565,2909.509777,1,19,,21
30/09/2020 17:00,29.0126239,3011.206416,1,18,,21
30/09/2020 18:00,0,1648.137883,1,17,,21
30/09/2020 19:00,0,1193.054393,1,16,,21
30/09/2020 20:00,1.305320989,1214.493741,1,15,,21
30/09/2020 21:00,2.614374709,1109.067039,1,14,,21
30/09/2020 22:00,1.337692344,1104.585774,1,13,,21
30/09/2020 23:00,0,1103.762901,1,12,,21
01/10/2020 00:00,1.333210295,1110.22486,1,11,,21
01/10/2020 01:00,0,2302.836592,1,10,,21
01/10/2020 02:00,1.314118408,4274.99162,1,9,,21
01/10/2020 03:00,1.315034129,5293.095833,1,8,,21
01/10/2020 04:00,0,11622.51532,1,7,,21
01/10/2020 05:00,70.452603,14439.76741,1,6,,21
01/10/2020 06:00,842.0596595,9079.760112,1,5,,21
01/10/2020 07:00,2389.747788,2908.641061,1,4,,21
01/10/2020 08:00,4068.380056,2280.363128,1,3,,21
01/10/2020 09:00,7453.190358,1883.175978,1,2,,21
01/10/2020 10:00,8052.880406,1614.544693,1,1,,21
01/10/2020 11:00,4302.881971,8801.148818,0,0,,21
01/10/2020 12:00,4244.266623,15043.87744,1,30,0.4,22
01/10/2020 13:00,2734.80199,16769.93166,1,29,,22
01/10/2020 14:00,2202.275546,9849.567643,1,28,,22
01/10/2020 15:00,842.4630148,8585.593575,1,27,,22
01/10/2020 16:00,362.6883971,4370.275766,1,26,,22
01/10/2020 17:00,14.21853495,2614.453911,1,25,,22
01/10/2020 18:00,2.675341146,1285.920391,1,24,,22
01/10/2020 19:00,0,1200.392458,1,23,,22
01/10/2020 20:00,0,1359.956704,1,22,,22
01/10/2020 21:00,0,1145.139665,1,21,,22
01/10/2020 22:00,0,1133.008368,1,20,,22
01/10/2020 23:00,2.754588196,1141.946927,1,19,,22
02/10/2020 00:00,6.837819346,1181.604749,1,18,,22
02/10/2020 01:00,0,1111.959497,1,17,,22
02/10/2020 02:00,6.851258373,1136.386872,1,16,,22
02/10/2020 03:00,1.239725978,1143.720056,1,15,,22
02/10/2020 04:00,2.683869515,4191.505587,1,14,,22
02/10/2020 05:00,5.47281488,2000.360335,1,13,,22
02/10/2020 06:00,234.5254453,5660.664804,1,12,,22
02/10/2020 07:00,1446.131417,9363.668994,1,11,,22
02/10/2020 08:00,1599.562708,9266.965084,1,10,,22
02/10/2020 09:00,2984.530263,11931.8028,1,9,,22
02/10/2020 10:00,2146.683832,5173.605007,1,8,,22
02/10/2020 11:00,4279.451724,1189.2879,1,7,,22
02/10/2020 12:00,2307.153674,1091.257343,1,6,,22
02/10/2020 13:00,2466.758514,13553.31381,1,5,,22
02/10/2020 14:00,2034.384987,6346.237099,1,4,,22
02/10/2020 15:00,384.3970411,8684.486072,1,3,,22
02/10/2020 16:00,293.4488269,5464.093445,1,2,,22
02/10/2020 17:00,14.2891002,2887.411437,1,1,,22
02/10/2020 18:00,0,1578.018182,0,0,,22
02/10/2020 19:00,0,1297.53352,1,17,0.2,23
02/10/2020 20:00,0,1258.896792,1,16,,23
02/10/2020 21:00,0,1139.129526,1,15,,23
02/10/2020 22:00,0,1157.925,1,14,,23
02/10/2020 23:00,0,1176.665738,1,13,,23
03/10/2020 00:00,0,1146.552301,1,12,,23
03/10/2020 01:00,1.335037032,1186.173611,1,11,,23
03/10/2020 02:00,1.406302143,1082.275766,1,10,,23
03/10/2020 03:00,0,1034.369596,1,9,,23
03/10/2020 04:00,0,1097.942897,1,8,,23
03/10/2020 05:00,6.766209517,3747.273874,1,7,,23
03/10/2020 06:00,21.77339726,5091.912541,1,6,,23
03/10/2020 07:00,259.4542416,13908.6066,1,5,,23
03/10/2020 08:00,1202.692799,10626.5059,1,4,,23
03/10/2020 09:00,1069.004853,10433.95305,1,3,,23
03/10/2020 10:00,4122.275695,12963.19527,1,2,,23
03/10/2020 11:00,6946.806035,14362.325,1,1,,23
03/10/2020 12:00,4838.610669,14072.05858,0,0,,23
03/10/2020 13:00,5406.468201,16012.04875,0,0,,23
03/10/2020 14:00,3602.564529,11665.63649,0,0,,23
03/10/2020 15:00,649.173596,4397.863128,0,0,,23
03/10/2020 16:00,318.6896562,4794.194986,0,0,,23
03/10/2020 17:00,20.1152737,3424.867503,0,0,,23
03/10/2020 18:00,1.305087755,1859.339385,0,0,,23
03/10/2020 19:00,5.534215681,1327.200837,0,0,,23
03/10/2020 20:00,4.063070361,1228.639276,0,0,,23
03/10/2020 21:00,4.230852263,1235.327755,1,13,0.3,24
03/10/2020 22:00,7.037810728,1136.451117,1,12,,24
03/10/2020 23:00,2.751662293,1069.664812,1,11,,24
04/10/2020 00:00,1.377763035,1081.918994,1,10,,24
04/10/2020 01:00,2.74566684,1089.078103,1,9,,24
04/10/2020 02:00,0,1072.092179,1,8,,24
04/10/2020 03:00,1.358257302,1094.558659,1,7,,24
04/10/2020 04:00,4.158143708,1055.861582,1,6,,24
04/10/2020 05:00,20.84212024,5891.830216,1,5,,24
04/10/2020 06:00,344.9981723,4107.877266,1,4,,24
04/10/2020 07:00,782.8505471,3723.156944,1,3,,24
04/10/2020 08:00,2459.781473,3355.721836,1,2,,24
04/10/2020 09:00,2981.512951,3032.756267,1,1,,24
04/10/2020 10:00,4762.719762,1881.284916,0,0,,24
04/10/2020 11:00,3106.14887,4547.666667,0,0,,24
04/10/2020 12:00,3351.681095,3567.833102,0,0,,24
04/10/2020 13:00,3562.977583,3257.041899,0,0,,24
04/10/2020 14:00,2147.597999,3680.122905,0,0,,24
04/10/2020 15:00,1460.149111,3068.546089,0,0,,24
04/10/2020 16:00,305.1638213,1503.328212,0,0,,24
04/10/2020 17:00,11.55241905,5437.167598,0,0,,24
04/10/2020 18:00,2.670653599,6020.321727,0,0,,24
04/10/2020 19:00,4.058142811,9485.615063,0,0,,24
04/10/2020 20:00,1.368207939,10338.14306,0,0,,24
04/10/2020 21:00,0,10310.2067,0,0,,24
04/10/2020 22:00,0,3961.005571,1,13,0.4,25
04/10/2020 23:00,4.158694436,1044.381616,1,12,,25
05/10/2020 00:00,4.170410179,970.1638655,1,11,,25
05/10/2020 01:00,0,1004.369081,1,10,,25
05/10/2020 02:00,0,1014.024353,1,9,,25
05/10/2020 03:00,0,1011.945455,1,8,,25
05/10/2020 04:00,0,964.5740741,1,7,,25
05/10/2020 05:00,64.99910176,1342.853107,1,6,,25
05/10/2020 06:00,1131.131472,5125.535032,1,5,,25
05/10/2020 07:00,1365.395163,4554.446927,1,4,,25
05/10/2020 08:00,3288.40278,7779.622905,1,3,,25
05/10/2020 09:00,3057.172275,10907.40473,1,2,,25
05/10/2020 10:00,4813.270798,4139.653631,1,1,,25
05/10/2020 11:00,3222.892619,8553.498607,0,0,,25
05/10/2020 12:00,3632.611527,4980.347765,0,0,,25
05/10/2020 13:00,2922.372877,6099.205307,0,0,,25
05/10/2020 14:00,2405.028546,9012.166201,0,0,,25
05/10/2020 15:00,926.5370686,8401.965132,0,0,,25
05/10/2020 16:00,220.9557352,7937.783821,0,0,,25
05/10/2020 17:00,8.326516983,6963.681564,0,0,,25
05/10/2020 18:00,0,12529.78352,1,15,0.4,26
05/10/2020 19:00,0,12216.81006,1,14,,26
05/10/2020 20:00,0,6183.147427,1,13,,26
05/10/2020 21:00,0,1786.378492,1,12,,26
05/10/2020 22:00,1.370093246,1760.027933,1,11,,26
05/10/2020 23:00,0,1708.125,1,10,,26
06/10/2020 00:00,2.747178701,1723.117155,1,9,,26
06/10/2020 01:00,4.126128343,1202.751397,1,8,,26
06/10/2020 02:00,2.740614473,1021.600362,1,7,,26
06/10/2020 03:00,0,1001.851852,1,6,,26
06/10/2020 04:00,4.03973611,1266.548649,1,5,,26
06/10/2020 05:00,5.705013683,1193.942085,1,4,,26
06/10/2020 06:00,189.2035209,1460.558659,1,3,,26
06/10/2020 07:00,643.1401575,2968.104749,1,2,,26
06/10/2020 08:00,813.058798,7566.871508,1,1,,26
06/10/2020 09:00,1094.470733,12628.74721,0,0,,26
06/10/2020 10:00,3488.262357,5709.534916,0,0,,26
06/10/2020 11:00,4764.61005,6465.256983,0,0,,26
06/10/2020 12:00,4706.433188,7430.015363,0,0,,26
06/10/2020 13:00,2722.383421,9748.433936,0,0,,26
06/10/2020 14:00,389.3544875,10861.05424,0,0,,26
06/10/2020 15:00,515.862829,14422.73713,1,26,0.4,27
06/10/2020 16:00,79.91130952,14306.44693,1,25,,27
06/10/2020 17:00,2.645028894,13099.46273,1,24,,27
06/10/2020 18:00,5.317350349,3719.638387,1,23,,27
06/10/2020 19:00,0,2359.314246,1,22,,27
06/10/2020 20:00,4.015029549,2332.951117,1,21,,27
06/10/2020 21:00,0,2407.172943,1,20,,27
06/10/2020 22:00,2.779865254,1718.235049,1,19,,27
06/10/2020 23:00,1.36695726,1394.885635,1,18,,27
07/10/2020 00:00,1.359524709,1536.284519,1,17,,27
07/10/2020 01:00,2.807519471,1600.895251,1,16,,27
07/10/2020 02:00,1.353951503,1637.618056,1,15,,27
07/10/2020 03:00,0,1522.305439,1,14,,27
07/10/2020 04:00,0,1631.594142,1,13,,27
07/10/2020 05:00,6.955390684,1763.184358,1,12,,27
07/10/2020 06:00,182.4568079,5017.203338,1,11,,27
07/10/2020 07:00,597.7465939,5034.528591,1,10,,27
07/10/2020 08:00,1752.968906,6194.822626,1,9,,27
07/10/2020 09:00,2774.795812,8738.124476,1,8,,27
07/10/2020 10:00,7519.266927,4660.400279,1,7,,27
07/10/2020 11:00,8904.43706,6482.702778,1,6,,27
07/10/2020 12:00,8572.364073,5886.53352,1,5,,27
07/10/2020 13:00,7639.841322,8039.50838,1,4,,27
07/10/2020 14:00,5714.673769,11450.6625,1,3,,27
07/10/2020 15:00,1031.904903,10156.95549,1,2,,27
07/10/2020 16:00,202.2996556,10874.10306,1,1,,27
07/10/2020 17:00,20.95818577,4678.740586,0,0,,27
07/10/2020 18:00,0,3643.234637,0,0,,27
07/10/2020 19:00,1.359604491,2547.223464,0,0,,27
07/10/2020 20:00,2.74634016,1149.864525,1,12,0.3,28
07/10/2020 21:00,1.382818417,3353.047486,1,11,,28
07/10/2020 22:00,1.387645839,4493.78882,1,10,,28
07/10/2020 23:00,0,5249.194196,1,9,,28
08/10/2020 00:00,0,2195.764103,1,8,,28
08/10/2020 01:00,1.377752368,800.1058496,1,7,,28
08/10/2020 02:00,1.381058499,792.3256484,1,6,,28
08/10/2020 03:00,1.362767002,830.5176471,1,5,,28
08/10/2020 04:00,1.355424383,820.7777778,1,4,,28
08/10/2020 05:00,5.503126428,1006.761905,1,3,,28
08/10/2020 06:00,305.952565,1846.99537,1,2,,28
08/10/2020 07:00,1089.912434,1189.093445,1,1,,28
08/10/2020 08:00,2955.425883,1277.179916,0,0,,28
08/10/2020 09:00,5737.305114,7744.660615,0,0,,28
08/10/2020 10:00,7229.513441,7720.72067,0,0,,28
08/10/2020 11:00,8461.856325,8433.97905,0,0,,28
08/10/2020 12:00,7890.646715,7686.925978,0,0,,28
08/10/2020 13:00,6804.133948,5188.749304,0,0,,28
08/10/2020 14:00,5172.345735,4948.465084,0,0,,28
08/10/2020 15:00,1868.349924,5699.261173,0,0,,28
08/10/2020 16:00,248.4563724,4744.543296,1,19,0.2,29
08/10/2020 17:00,6.973587497,3687.157821,1,18,,29
08/10/2020 18:00,0,6307.675978,1,17,,29
08/10/2020 19:00,0,4959.857343,1,16,,29
08/10/2020 20:00,0,3021.874477,1,15,,29
08/10/2020 21:00,1.315179688,1404.198324,1,14,,29
08/10/2020 22:00,0,1045.222067,1,13,,29
08/10/2020 23:00,0,1093.685675,1,12,,29
09/10/2020 00:00,1.310948166,1004.624478,1,11,,29
09/10/2020 01:00,0,1749.704324,1,10,,29
09/10/2020 02:00,1.309815655,4256.835425,1,9,,29
09/10/2020 03:00,0,4656.644351,1,8,,29
09/10/2020 04:00,0,10474.29707,1,7,,29
09/10/2020 05:00,20.73649293,11455.66946,1,6,,29
09/10/2020 06:00,506.0283084,5134.167598,1,5,,29
09/10/2020 07:00,1419.246669,3430.101671,1,4,,29
09/10/2020 08:00,2660.960864,4090.125348,1,3,,29
09/10/2020 09:00,5131.534782,11588.76151,1,2,,29
09/10/2020 10:00,2557.309647,3001.086351,1,1,,29
09/10/2020 11:00,5585.101932,4399.002789,0,0,,29
09/10/2020 12:00,5688.456155,5453,0,0,,29
09/10/2020 13:00,4464.033655,5726.790795,0,0,,29
09/10/2020 14:00,2421.44916,7423.496523,0,0,,29
09/10/2020 15:00,1644.988203,4946.284916,1,16,0.2,30
09/10/2020 16:00,189.3222807,4560.160615,1,15,,30
09/10/2020 17:00,5.480669678,3379.618915,1,14,,30
09/10/2020 18:00,0,3196.423184,1,13,,30
09/10/2020 19:00,1.310896301,2977.284519,1,12,,30
09/10/2020 20:00,0,1527.146648,1,11,,30
09/10/2020 21:00,0,1009.273743,1,10,,30
09/10/2020 22:00,0,967.4455307,1,9,,30
09/10/2020 23:00,0,835.9581006,1,8,,30
10/10/2020 00:00,0,822.8844011,1,7,,30
10/10/2020 01:00,2.692136211,804.4247911,1,6,,30
10/10/2020 02:00,0,748.9692737,1,5,,30
10/10/2020 03:00,0,825.1089385,1,4,,30
10/10/2020 04:00,1.325227051,1850.541899,1,3,,30
10/10/2020 05:00,7.096157565,5178.349162,1,2,,30
10/10/2020 06:00,438.3639865,7029.716876,1,1,,30
10/10/2020 07:00,1366.572419,11703.69413,0,0,,30
10/10/2020 08:00,1952.183372,12747.47905,0,0,,30
10/10/2020 09:00,2632.118506,6375.456189,0,0,,30
10/10/2020 10:00,1217.388681,3306.377437,0,0,,30
10/10/2020 11:00,1954.998125,9284.768802,0,0,,30
10/10/2020 12:00,443.6448957,9026.565642,0,0,,30
10/10/2020 13:00,813.3319947,7970.416201,0,0,,30
10/10/2020 14:00,620.4412639,6999.684284,0,0,,30
10/10/2020 15:00,460.3608362,4531.399441,0,0,,30
10/10/2020 16:00,102.6149145,1499.865922,0,0,,30
10/10/2020 17:00,2.727896619,1455.637378,1,21,0.4,31
10/10/2020 18:00,0,1052.252778,1,20,,31
10/10/2020 19:00,5.438997227,2672.357746,1,19,,31
10/10/2020 20:00,0,2382.36865,1,18,,31
10/10/2020 21:00,2.765638001,2484.496904,1,17,,31
10/10/2020 22:00,2.777899923,2543.294011,1,16,,31
10/10/2020 23:00,1.401821239,2059.807882,1,15,,31
11/10/2020 00:00,0,942.3573201,1,14,,31
11/10/2020 01:00,0,856.7746479,1,13,,31
11/10/2020 02:00,0,1978.196629,1,12,,31
11/10/2020 03:00,2.759047209,3558.606771,1,11,,31
11/10/2020 04:00,1.372346923,7427.189944,1,10,,31
11/10/2020 05:00,8.560485245,15569.63712,1,9,,31
11/10/2020 06:00,324.5736687,15227.72911,1,8,,31
11/10/2020 07:00,815.9904127,15322.22284,1,7,,31
11/10/2020 08:00,1249.071026,15076.5,1,6,,31
11/10/2020 09:00,2079.980722,9516.015342,1,5,,31
11/10/2020 10:00,2457.492682,4601.313808,1,4,,31
11/10/2020 11:00,3088.139485,2603.990264,1,3,,31
11/10/2020 12:00,2984.996346,3841.163408,1,2,,31
11/10/2020 13:00,4365.267901,3784.81337,1,1,,31
11/10/2020 14:00,1448.814149,3872.474198,0,0,,31
11/10/2020 15:00,1027.692206,4223.075314,0,0,,31
11/10/2020 16:00,175.6406452,2288.955556,0,0,,31
11/10/2020 17:00,4.202343593,1746.62087,0,0,,31
11/10/2020 18:00,1.376623904,1762.216438,1,18,0.3,32
11/10/2020 19:00,0,4966.880519,1,17,,32
11/10/2020 20:00,2.80942432,5311.932394,1,16,,32
11/10/2020 21:00,4.260269185,3794.086022,1,15,,32
11/10/2020 22:00,5.704980767,2555.243017,1,14,,32
11/10/2020 23:00,1.428091961,2409.653226,1,13,,32
12/10/2020 00:00,2.856885674,2459.3297,1,12,,32
12/10/2020 01:00,5.684016866,2367.334225,1,11,,32
12/10/2020 02:00,1.419771122,2373.455556,1,10,,32
12/10/2020 03:00,4.221493379,1586.075067,1,9,,32
12/10/2020 04:00,4.197794691,3832.160714,1,8,,32
12/10/2020 05:00,10.17059294,8155.826816,1,7,,32
12/10/2020 06:00,122.8122696,13438.31395,1,6,,32
12/10/2020 07:00,1738.992623,18959.12055,1,5,,32
12/10/2020 08:00,5604.876729,22555.05275,1,4,,32
12/10/2020 09:00,7430.987725,15163.60942,1,3,,32
12/10/2020 10:00,8792.779264,11108.52102,1,2,,32
12/10/2020 11:00,7580.330137,7861.28951,1,1,,32
12/10/2020 12:00,5810.49703,6125.804742,0,0,,32
12/10/2020 13:00,7289.501507,5848.253835,1,25,0.3,33
12/10/2020 14:00,5671.595845,6606.006974,1,24,,33
12/10/2020 15:00,1855.911563,6571.560839,1,23,,33
12/10/2020 16:00,479.1742842,4523.390821,1,22,,33
12/10/2020 17:00,8.479849767,3684.670904,1,21,,33
12/10/2020 18:00,2.792085039,4197.312661,1,20,,33
12/10/2020 19:00,5.614395727,2620.147368,1,19,,33
12/10/2020 20:00,4.25713835,1393.355499,1,18,,33
12/10/2020 21:00,2.863800159,1162.460055,1,17,,33
12/10/2020 22:00,5.755472572,1098.473684,1,16,,33
12/10/2020 23:00,4.331577487,1066.702857,1,15,,33
13/10/2020 00:00,4.409658854,1114.336957,1,14,,33
13/10/2020 01:00,5.751776572,1098.690341,1,13,,33
13/10/2020 02:00,0,1034.506329,1,12,,33
13/10/2020 03:00,1.478412068,1103.277778,1,11,,33
13/10/2020 04:00,2.809671251,1012.843478,1,10,,33
13/10/2020 05:00,13.29399989,1136.28022,1,9,,33
13/10/2020 06:00,144.2966427,3921.338667,1,8,,33
13/10/2020 07:00,1679.158614,2098.386667,1,7,,33
13/10/2020 08:00,5125.721379,5880.45961,1,6,,33
13/10/2020 09:00,7133.977704,15188.79834,1,5,,33
13/10/2020 10:00,8204.768978,18461.46394,1,4,,33
13/10/2020 11:00,8791.880614,27362.89261,1,3,,33
13/10/2020 12:00,6011.348002,27222.03068,1,2,,33
13/10/2020 13:00,6560.62087,22585.13668,1,1,,33
13/10/2020 14:00,2379.65089,15813.99162,0,0,,33
13/10/2020 15:00,856.8780324,15983.36592,0,0,,33
13/10/2020 16:00,89.38640515,14494.34497,0,0,,33
13/10/2020 17:00,6.985808093,9313.707113,0,0,,33
13/10/2020 18:00,2.815048902,6202.591727,0,0,,33
13/10/2020 19:00,1.39135509,3467.497382,1,20,0.2,34
13/10/2020 20:00,1.406683823,1350.597059,1,19,,34
13/10/2020 21:00,1.41236106,923.2553191,1,18,,34
13/10/2020 22:00,1.420868781,907.3267606,1,17,,34
13/10/2020 23:00,0,819.537859,1,16,,34
14/10/2020 00:00,0,883.5040431,1,15,,34
14/10/2020 01:00,0,874.6311239,1,14,,34
14/10/2020 02:00,4.201073526,821.6410256,1,13,,34
14/10/2020 03:00,8.470201199,3587.217391,1,12,,34
14/10/2020 04:00,4.203009983,1295.861183,1,11,,34
14/10/2020 05:00,7.332977594,898.6015831,1,10,,34
14/10/2020 06:00,294.5662636,1690.398374,1,9,,34
14/10/2020 07:00,2994.480487,5849.47644,1,8,,34
14/10/2020 08:00,5799.485747,7585.539773,1,7,,34
14/10/2020 09:00,7397.889285,18219.77368,1,6,,34
14/10/2020 10:00,6702.250891,17141.34638,1,5,,34
14/10/2020 11:00,8313.133134,22493.49441,1,4,,34
14/10/2020 12:00,4773.332949,14651.75,1,3,,34
14/10/2020 13:00,5634.952797,5351.681564,1,2,,34
14/10/2020 14:00,2780.899238,4908.33936,1,1,,34
14/10/2020 15:00,1258.15985,5068.804742,0,0,,34
14/10/2020 16:00,437.1857357,4344.315716,0,0,,34
14/10/2020 17:00,5.519603871,1456.088235,0,0,,34
14/10/2020 18:00,5.45453829,1624.811414,1,14,0.2,35
14/10/2020 19:00,2.773294592,3902.194595,1,13,,35
14/10/2020 20:00,4.200371685,3159.829787,1,12,,35
14/10/2020 21:00,1.404571005,1317.416,1,11,,35
14/10/2020 22:00,4.313199126,950.8835227,1,10,,35
14/10/2020 23:00,5.674497518,808.8252688,1,9,,35
15/10/2020 00:00,0,787.0200573,1,8,,35
15/10/2020 01:00,2.900729918,821.6,1,7,,35
15/10/2020 02:00,2.816324725,817.9168901,1,6,,35
15/10/2020 03:00,0,815.8376812,1,5,,35
15/10/2020 04:00,0,916.974359,1,4,,35
15/10/2020 05:00,2.794582089,1130.620968,1,3,,35
15/10/2020 06:00,175.1226729,3226.085635,1,2,,35
15/10/2020 07:00,545.2412532,1645.686327,1,1,,35
15/10/2020 08:00,934.9414075,10041.27838,0,0,,35
15/10/2020 09:00,926.5018463,5567.320334,1,30,0.4,36
15/10/2020 10:00,992.7798623,11932.22043,1,29,,36
15/10/2020 11:00,1649.862062,11590.86079,1,28,,36
15/10/2020 12:00,1778.799757,13975.34339,1,27,,36
15/10/2020 13:00,1039.18683,14395.29986,1,26,,36
15/10/2020 14:00,998.6476162,16537.79944,1,25,,36
15/10/2020 15:00,390.4052376,17594.64435,1,24,,36
15/10/2020 16:00,43.7691992,15644.22594,1,23,,36
15/10/2020 17:00,0,16393.77437,1,22,,36
15/10/2020 18:00,0,7365.901996,1,21,,36
15/10/2020 19:00,0,3145.826446,1,20,,36
15/10/2020 20:00,0,2866.916667,1,19,,36
15/10/2020 21:00,0,2356.659459,1,18,,36
15/10/2020 22:00,0,1275.787879,1,17,,36
15/10/2020 23:00,0,1160.77933,1,16,,36
16/10/2020 00:00,0,1129.067708,1,15,,36
16/10/2020 01:00,1.413493319,1201.636364,1,14,,36
16/10/2020 02:00,0,1172.672222,1,13,,36
16/10/2020 03:00,2.784141641,1162.079019,1,12,,36
16/10/2020 04:00,2.778005195,1119.832853,1,11,,36
16/10/2020 05:00,1.375115662,1469.31831,1,10,,36
16/10/2020 06:00,320.8938318,8660.264095,1,9,,36
16/10/2020 07:00,672.6168159,12271.28367,1,8,,36
16/10/2020 08:00,1015.543329,21711.23142,1,7,,36
16/10/2020 09:00,3756.017915,21757.06685,1,6,,36
16/10/2020 10:00,4739.133184,22915.62291,1,5,,36
16/10/2020 11:00,3813.893078,24873.41783,1,4,,36
16/10/2020 12:00,5636.783144,29772.0265,1,3,,36
16/10/2020 13:00,7494.660984,26290.37151,1,2,,36
16/10/2020 14:00,5035.815627,21345.18994,1,1,,36
16/10/2020 15:00,1404.15656,11180.78352,0,0,,36
16/10/2020 16:00,606.661235,6489.203911,0,0,,36
16/10/2020 17:00,2.711573619,3562.043296,0,0,,36
16/10/2020 18:00,2.741857398,2651.162659,0,0,,36
16/10/2020 19:00,0,2672.534188,0,0,,36
16/10/2020 20:00,1.396525652,3212.8,1,15,0.3,37
16/10/2020 21:00,0,2782.588083,1,14,,37
16/10/2020 22:00,0,2805.797872,1,13,,37
16/10/2020 23:00,0,2453.007937,1,12,,37
17/10/2020 00:00,1.405790366,2384.605634,1,11,,37
17/10/2020 01:00,0,2442.807487,1,10,,37
17/10/2020 02:00,5.645999317,2372.9375,1,9,,37
17/10/2020 03:00,5.580662149,2412.867232,1,8,,37
17/10/2020 04:00,2.767058428,1882.470423,1,7,,37
17/10/2020 05:00,7.184769963,940.2821229,1,6,,37
17/10/2020 06:00,101.8398033,3753.307692,1,5,,37
17/10/2020 07:00,1394.926831,2091.590659,1,4,,37
17/10/2020 08:00,5312.192771,2868.097826,1,3,,37
17/10/2020 09:00,6997.027194,2932.32133,1,2,,37
17/10/2020 10:00,8012.467353,3685.781818,1,1,,37
17/10/2020 11:00,8267.585723,3876.403374,0,0,,37
17/10/2020 12:00,8004.10379,4084.445531,0,0,,37
17/10/2020 13:00,6943.927908,2687.554469,0,0,,37
17/10/2020 14:00,4730.827942,4695.248603,0,0,,37
17/10/2020 15:00,1231.415813,3215.634214,0,0,,37
17/10/2020 16:00,304.8262613,2971.406685,0,0,,37
17/10/2020 17:00,6.739501969,1706.555091,0,0,,37
17/10/2020 18:00,1.360280839,777.0196078,0,0,,37
17/10/2020 19:00,0,646.5902439,0,0,,37
17/10/2020 20:00,2.77003073,695.9841689,0,0,,37
17/10/2020 21:00,7.004964167,640.2451253,1,14,0.4,38
17/10/2020 22:00,0,720.5961003,1,13,,38
17/10/2020 23:00,2.841616101,723.8649425,1,12,,38
18/10/2020 00:00,4.261563726,681.7019499,1,11,,38
18/10/2020 01:00,0,721.3342776,1,10,,38
18/10/2020 02:00,7.17512856,678.8664773,1,9,,38
18/10/2020 03:00,0,741.030303,1,8,,38
18/10/2020 04:00,1.376629073,688.3679775,1,7,,38
18/10/2020 05:00,5.49632101,734.2299169,1,6,,38
18/10/2020 06:00,49.79692105,669.9646739,1,5,,38
18/10/2020 07:00,996.6795976,791.1565934,1,4,,38
18/10/2020 08:00,2407.828641,4424.182418,1,3,,38
18/10/2020 09:00,4298.520942,5270.444288,1,2,,38
18/10/2020 10:00,7944.50094,9711.363128,1,1,,38
18/10/2020 11:00,8119.52298,6265.090656,0,0,,38
18/10/2020 12:00,7667.70976,7344.005563,0,0,,38
18/10/2020 13:00,6455.834696,6574.175243,0,0,,38
18/10/2020 14:00,4684.961744,1029.972145,0,0,,38
18/10/2020 15:00,580.9360628,757.9317549,0,0,,38
18/10/2020 16:00,85.18298246,640.7140865,0,0,,38
18/10/2020 17:00,1.34156219,754.5871688,0,0,,38
18/10/2020 18:00,1.365630759,673.7252747,0,0,,38
18/10/2020 19:00,0,709.7285319,0,0,,38
18/10/2020 20:00,7.026393904,707.512,0,0,,38
18/10/2020 21:00,0,690.6322751,0,0,,38
18/10/2020 22:00,2.829675482,647.3587571,1,19,0.2,39
18/10/2020 23:00,4.257159856,730.3898305,1,18,,39
19/10/2020 00:00,0,690.6826667,1,17,,39
19/10/2020 01:00,0,702.5063613,1,16,,39
19/10/2020 02:00,0,677.3045822,1,15,,39
19/10/2020 03:00,2.740538472,688.4497207,1,14,,39
19/10/2020 04:00,1.368117653,723.9209809,1,13,,39
19/10/2020 05:00,7.173092901,657.0606936,1,12,,39
19/10/2020 06:00,150.4162428,661.140056,1,11,,39
19/10/2020 07:00,1653.308809,623.3703704,1,10,,39
19/10/2020 08:00,3550.58938,650.9088542,1,9,,39
19/10/2020 09:00,6733.692054,691.584,1,8,,39
19/10/2020 10:00,7764.687046,1553.090909,1,7,,39
19/10/2020 11:00,8049.821847,1736.988728,1,6,,39
19/10/2020 12:00,7611.84749,727.8854749,1,5,,39
19/10/2020 13:00,6435.011947,743.1573816,1,4,,39
19/10/2020 14:00,4173.710428,661.8734353,1,3,,39
19/10/2020 15:00,1092.467938,739.0725244,1,2,,39
19/10/2020 16:00,326.0260969,586.2465181,1,1,,39
19/10/2020 17:00,2.716334853,671.9455307,0,0,,39
19/10/2020 18:00,0,737.1356643,0,0,,39
19/10/2020 19:00,0,628.2230216,0,0,,39
19/10/2020 20:00,0,697.7493333,0,0,,39
19/10/2020 21:00,1.355325416,648.720339,0,0,,39
19/10/2020 22:00,0,658.7762431,1,16,0.5,40
19/10/2020 23:00,0,689.2845304,1,15,,40
20/10/2020 00:00,0,701.3038674,1,14,,40
20/10/2020 01:00,0,690.0746667,1,13,,40
20/10/2020 02:00,0,677.6336088,1,12,,40
20/10/2020 03:00,4.035427793,1452.884021,1,11,,40
20/10/2020 04:00,0,4934.743523,1,10,,40
20/10/2020 05:00,8.821065589,6202.451977,1,9,,40
20/10/2020 06:00,267.0673548,10902.60411,1,8,,40
20/10/2020 07:00,1399.094374,10628.55028,1,7,,40
20/10/2020 08:00,2145.663084,705.9206128,1,6,,40
20/10/2020 09:00,4533.685222,689.0962343,1,5,,40
20/10/2020 10:00,5192.052182,683.0738162,1,4,,40
20/10/2020 11:00,7411.104195,721.8275382,1,3,,40
20/10/2020 12:00,7463.037933,665.8998609,1,2,,40
20/10/2020 13:00,4727.371017,724.4804469,1,1,,40
20/10/2020 14:00,3639.965233,623.0307263,0,0,,40
20/10/2020 15:00,857.8654832,694.4693593,0,0,,40
20/10/2020 16:00,138.3619495,593.7905028,1,23,0.3,41
20/10/2020 17:00,2.611816029,680.8519553,1,22,,41
20/10/2020 18:00,2.6006853,686.9596662,1,21,,41
20/10/2020 19:00,0,705.1930556,1,20,,41
20/10/2020 20:00,1.335625101,652.6913408,1,19,,41
20/10/2020 21:00,1.334268836,722.6397775,1,18,,41
20/10/2020 22:00,2.688740331,660.2426778,1,17,,41
20/10/2020 23:00,0,637.8817803,1,16,,41
21/10/2020 00:00,2.765170325,724.2849162,1,15,,41
21/10/2020 01:00,1.350107741,664.7653631,1,14,,41
21/10/2020 02:00,2.683076812,688.0824022,1,13,,41
21/10/2020 03:00,0,663.5335196,1,12,,41
21/10/2020 04:00,0,717.2458101,1,11,,41
21/10/2020 05:00,1.31073253,690.9274756,1,10,,41
21/10/2020 06:00,212.6340045,647.1852368,1,9,,41
21/10/2020 07:00,1028.662092,623.1966527,1,8,,41
21/10/2020 08:00,3944.354426,609.3031989,1,7,,41
21/10/2020 09:00,7664.646449,664.3755216,1,6,,41
21/10/2020 10:00,8428.487724,676.3798883,1,5,,41
21/10/2020 11:00,6027.180678,699.9262865,1,4,,41
21/10/2020 12:00,6623.619411,700.1396648,1,3,,41
21/10/2020 13:00,5026.192473,837.797486,1,2,,41
21/10/2020 14:00,2155.515969,1120.370112,1,1,,41
21/10/2020 15:00,1160.127329,1070.114525,0,0,,41
21/10/2020 16:00,113.7266683,1889.73324,0,0,,41
21/10/2020 17:00,0,646.2325905,0,0,,41
21/10/2020 18:00,1.298786612,748.3472803,0,0,,41
21/10/2020 19:00,0,648.7841226,0,0,,41
21/10/2020 20:00,0,695.7869081,0,0,,41
21/10/2020 21:00,0,696.2980501,0,0,,41
21/10/2020 22:00,2.719388672,673.547486,1,19,0.4,42
21/10/2020 23:00,1.364474809,3114.023644,1,18,,42
22/10/2020 00:00,0,3824.542657,1,17,,42
22/10/2020 01:00,0,7798.712291,1,16,,42
22/10/2020 02:00,0,9729.711297,1,15,,42
22/10/2020 03:00,1.335097626,6149.922006,1,14,,42
22/10/2020 04:00,0,695.9428173,1,13,,42
22/10/2020 05:00,1.289205227,694,1,12,,42
22/10/2020 06:00,117.2582091,654.6248257,1,11,,42
22/10/2020 07:00,1474.894534,637.2447844,1,10,,42
22/10/2020 08:00,1981.547744,654.6036161,1,9,,42
22/10/2020 09:00,3839.53112,643.7395543,1,8,,42
22/10/2020 10:00,5488.747245,690.4134078,1,7,,42
22/10/2020 11:00,4017.784104,703.6201117,1,6,,42
22/10/2020 12:00,4927.121805,641.8589385,1,5,,42
22/10/2020 13:00,5021.385205,700.6871508,1,4,,42
22/10/2020 14:00,1185.288786,567.0907821,1,3,,42
22/10/2020 15:00,345.918384,612.3871866,1,2,,42
22/10/2020 16:00,61.4414801,655.1476323,1,1,,42
22/10/2020 17:00,2.553250821,679.6499303,0,0,,42
22/10/2020 18:00,2.647530072,643.0612813,0,0,,42
22/10/2020 19:00,0,664.3481894,0,0,,42
22/10/2020 20:00,0,707.2103064,0,0,,42
22/10/2020 21:00,0,648.1311018,0,0,,42
22/10/2020 22:00,0,712.2284123,1,15,0.4,43
22/10/2020 23:00,0,627.2849162,1,14,,43
23/10/2020 00:00,0,693.7402235,1,13,,43
23/10/2020 01:00,0,679.8980447,1,12,,43
23/10/2020 02:00,0,686.2192737,1,11,,43
23/10/2020 03:00,0,697.7590529,1,10,,43
23/10/2020 04:00,0,686.6173184,1,9,,43
23/10/2020 05:00,0,713.6462396,1,8,,43
23/10/2020 06:00,45.60791136,654.8131102,1,7,,43
23/10/2020 07:00,299.5284816,623.0502793,1,6,,43
23/10/2020 08:00,715.9154457,642.8061367,1,5,,43
23/10/2020 09:00,566.3079892,4285.976257,1,4,,43
23/10/2020 10:00,1163.501756,5091.309623,1,3,,43
23/10/2020 11:00,3558.90564,9064.948468,1,2,,43
23/10/2020 12:00,7119.875184,4564.765363,1,1,,43
23/10/2020 13:00,1866.74779,652.3282123,0,0,,43
23/10/2020 14:00,1226.842956,608.2197497,0,0,,43
23/10/2020 15:00,409.8678183,565.6717663,0,0,,43
23/10/2020 16:00,20.20022624,666.4791086,0,0,,43
23/10/2020 17:00,6.787810669,660.4790503,0,0,,43
23/10/2020 18:00,0,657.4373259,0,0,,43
23/10/2020 19:00,0,684.9833102,1,20,0.3,44
23/10/2020 20:00,0,695.3908206,1,19,,44
23/10/2020 21:00,0,644.4175978,1,18,,44
23/10/2020 22:00,0,698.2765363,1,17,,44
23/10/2020 23:00,0,712.3659218,1,16,,44
24/10/2020 00:00,0,682.1382682,1,15,,44
24/10/2020 01:00,0,655.5377095,1,14,,44
24/10/2020 02:00,0,701.3240612,1,13,,44
24/10/2020 03:00,0,670.683844,1,12,,44
24/10/2020 04:00,1.330494224,694.3732591,1,11,,44
24/10/2020 05:00,1.320751531,664.251046,1,10,,44
24/10/2020 06:00,63.09721286,710.7765363,1,9,,44
24/10/2020 07:00,771.7681396,632.3059805,1,8,,44
24/10/2020 08:00,2131.277921,651.5656425,1,7,,44
24/10/2020 09:00,6437.812334,679.7946927,1,6,,44
24/10/2020 10:00,9965.750777,619.5656425,1,5,,44
24/10/2020 11:00,8246.20723,729.2555866,1,4,,44
24/10/2020 12:00,7874.579091,666.6136681,1,3,,44
24/10/2020 13:00,6462.550288,3879.039106,1,2,,44
24/10/2020 14:00,4386.309957,5234.132497,1,1,,44
24/10/2020 15:00,533.220455,8615.379358,0,0,,44
24/10/2020 16:00,129.0585771,3811.793056,0,0,,44
24/10/2020 17:00,0,704.1620112,0,0,,44
24/10/2020 18:00,0,666.2103064,1,20,0.4,45
24/10/2020 19:00,0,682.4812239,1,19,,45
24/10/2020 20:00,0,710.2520891,1,18,,45
24/10/2020 21:00,2.750255307,632.0447552,1,17,,45
24/10/2020 22:00,0,721.3291339,1,16,,45
24/10/2020 23:00,1.383893596,675.0280505,1,15,,45
25/10/2020 00:00,0,624.0336606,1,14,,45
25/10/2020 01:00,2.749135188,722.9131098,1,13,,45
25/10/2020 02:00,0,727.6674528,1,12,,45
25/10/2020 03:00,0,629.9618529,1,11,,45
25/10/2020 04:00,3.995412936,731.1632653,1,10,,45
25/10/2020 05:00,2.647483463,682.0321716,1,9,,45
25/10/2020 06:00,246.7135345,780.4114286,1,8,,45
25/10/2020 07:00,1393.504913,2437.270213,1,7,,45
25/10/2020 08:00,2528.801715,4775.276923,1,6,,45
25/10/2020 09:00,6470.470296,6668.779637,1,5,,45
25/10/2020 10:00,6566.344874,11074.56964,1,4,,45
25/10/2020 11:00,7386.157868,10981.30962,1,3,,45
25/10/2020 12:00,7035.328584,8419.892907,1,2,,45
25/10/2020 13:00,6052.010453,1744.441341,1,1,,45
25/10/2020 14:00,4435.392015,2676.560669,0,0,,45
25/10/2020 15:00,570.8034614,5956.678273,0,0,,45
25/10/2020 16:00,158.3838089,5548.74548,1,18,0.3,46
25/10/2020 17:00,2.594363459,4723.458217,1,17,,46
25/10/2020 18:00,0,2600.375698,1,16,,46
25/10/2020 19:00,2.67748112,1335.814246,1,15,,46
25/10/2020 20:00,1.351341494,1226.101955,1,14,,46
25/10/2020 21:00,0,1126.674126,1,13,,46
25/10/2020 22:00,0,1106.947075,1,12,,46
25/10/2020 23:00,1.358085679,1017.697772,1,11,,46
26/10/2020 00:00,5.531595018,1059.707521,1,10,,46
26/10/2020 01:00,4.207708096,1084.284519,1,9,,46
26/10/2020 02:00,5.420096727,1087.614525,1,8,,46
26/10/2020 03:00,4.152286282,1086.58078,1,7,,46
26/10/2020 04:00,5.468379938,1044.550907,1,6,,46
26/10/2020 05:00,2.661097068,1274.562849,1,5,,46
26/10/2020 06:00,22.53014047,1298.026536,1,4,,46
26/10/2020 07:00,214.7613695,3597.744868,1,3,,46
26/10/2020 08:00,500.3879795,4052.344322,1,2,,46
26/10/2020 09:00,549.6530925,2446.567452,1,1,,46
26/10/2020 10:00,606.5621365,11172.29565,0,0,,46
26/10/2020 11:00,606.135981,8061,0,0,,46
26/10/2020 12:00,308.1245811,9972.727763,0,0,,46
26/10/2020 13:00,393.377847,14534.63043,0,0,,46
26/10/2020 14:00,478.9670599,13970.21331,0,0,,46
26/10/2020 15:00,377.0773954,14518.4042,0,0,,46
26/10/2020 16:00,170.4795345,13513.55602,0,0,,46
26/10/2020 17:00,0,11486.97143,1,25,0.2,47
26/10/2020 18:00,2.754317697,8717.393092,1,24,,47
26/10/2020 19:00,0,6095.089136,1,23,,47
26/10/2020 20:00,4.216159931,5296.766484,1,22,,47
26/10/2020 21:00,1.418424919,3460.093151,1,21,,47
26/10/2020 22:00,0,2737.427027,1,20,,47
26/10/2020 23:00,1.424160289,2504.029178,1,19,,47
27/10/2020 00:00,1.502708917,1440.236527,1,18,,47
27/10/2020 01:00,2.833468356,1133.673239,1,17,,47
27/10/2020 02:00,0,1141.063889,1,16,,47
27/10/2020 03:00,0,1062.853933,1,15,,47
27/10/2020 04:00,1.388332599,1039.375,1,14,,47
27/10/2020 05:00,5.513739548,1079.228947,1,13,,47
27/10/2020 06:00,96.5512191,1307.067227,1,12,,47
27/10/2020 07:00,1741.588702,3902.885794,1,11,,47
27/10/2020 08:00,3972.420498,1814.725212,1,10,,47
27/10/2020 09:00,5360.891484,1072.757576,1,9,,47
27/10/2020 10:00,7779.009516,4121.845304,1,8,,47
27/10/2020 11:00,8529.379366,10792.40449,1,7,,47
27/10/2020 12:00,7607.857376,4945.022346,1,6,,47
27/10/2020 13:00,6501.63701,4537.409218,1,5,,47
27/10/2020 14:00,3990.856458,4042.554469,1,4,,47
27/10/2020 15:00,267.9972958,8126.923398,1,3,,47
27/10/2020 16:00,66.58074214,11226.07939,1,2,,47
27/10/2020 17:00,0,6855.847244,1,1,,47
27/10/2020 18:00,0,11327.952,0,0,,47
27/10/2020 19:00,0,12584.30548,0,0,,47
27/10/2020 20:00,0,12914.19022,0,0,,47
27/10/2020 21:00,1.395838163,2888.696429,1,13,0.3,48
27/10/2020 22:00,0,1005.828338,1,12,,48
27/10/2020 23:00,2.804527308,1074.027701,1,11,,48
28/10/2020 00:00,0,1042.988338,1,10,,48
28/10/2020 01:00,4.228378158,1001.608815,1,9,,48
28/10/2020 02:00,2.740971175,1057.101648,1,8,,48
28/10/2020 03:00,2.700669698,1076.419355,1,7,,48
28/10/2020 04:00,2.708911942,1104.418338,1,6,,48
28/10/2020 05:00,2.730165495,1019.505435,1,5,,48
28/10/2020 06:00,81.17367107,1267.986772,1,4,,48
28/10/2020 07:00,1164.575747,1526.184492,1,3,,48
28/10/2020 08:00,3713.019347,1048.473002,1,2,,48
28/10/2020 09:00,2226.624997,1713.35503,1,1,,48
28/10/2020 10:00,7370.663939,1202.223011,0,0,,48
28/10/2020 11:00,6798.88654,1284.34728,0,0,,48
28/10/2020 12:00,3597.990248,4095.941341,0,0,,48
28/10/2020 13:00,4051.717192,2384.935933,0,0,,48
28/10/2020 14:00,1475.160243,4349.427577,0,0,,48
28/10/2020 15:00,333.8231054,5732.100279,0,0,,48
28/10/2020 16:00,46.02087863,5208.23152,0,0,,48
28/10/2020 17:00,1.312861012,7169.029207,0,0,,48
28/10/2020 18:00,0,12124.51046,0,0,,48
28/10/2020 19:00,0,13098.06423,0,0,,48
28/10/2020 20:00,0,4951.97486,0,0,,48
28/10/2020 21:00,1.365731588,1039.572028,0,0,,48
28/10/2020 22:00,0,815.2153846,1,18,0.3,49
28/10/2020 23:00,1.372386911,833.0544693,1,17,,49
29/10/2020 00:00,2.730950393,852.9652295,1,16,,49
29/10/2020 01:00,1.363891867,739.5897079,1,15,,49
29/10/2020 02:00,0,755.3124128,1,14,,49
29/10/2020 03:00,0,910.0236769,1,13,,49
29/10/2020 04:00,1.347710211,753.5788006,1,12,,49
29/10/2020 05:00,0,848.3941504,1,11,,49
29/10/2020 06:00,39.65424925,1227.74581,1,10,,49
29/10/2020 07:00,191.0831098,12490.68296,1,9,,49
29/10/2020 08:00,422.1931032,10128.93715,1,8,,49
29/10/2020 09:00,809.086553,6925.46648,1,7,,49
29/10/2020 10:00,1624.51867,3900.315202,1,6,,49
29/10/2020 11:00,3437.541333,6021.264624,1,5,,49
29/10/2020 12:00,4224.967476,7091.780726,1,4,,49
29/10/2020 13:00,3330.001678,9161.858136,1,3,,49
29/10/2020 14:00,1354.723885,10670.80919,1,2,,49
29/10/2020 15:00,554.9679274,17658.73333,1,1,,49
29/10/2020 16:00,47.63440029,18258.88579,0,0,,49
29/10/2020 17:00,0,14882.30823,0,0,,49
29/10/2020 18:00,0,2429.087989,1,14,0.3,50
29/10/2020 19:00,0,4298.39415,1,13,,50
29/10/2020 20:00,0,2836.22486,1,12,,50
29/10/2020 21:00,0,1066.994413,1,11,,50
29/10/2020 22:00,2.846689855,830.2635983,1,10,,50
29/10/2020 23:00,2.692478222,809.9315642,1,9,,50
30/10/2020 00:00,1.335845046,838.013947,1,8,,50
30/10/2020 01:00,1.332246094,765.4783821,1,7,,50
30/10/2020 02:00,1.329688262,794.7075209,1,6,,50
30/10/2020 03:00,0,858.7413074,1,5,,50
30/10/2020 04:00,0,768.4853556,1,4,,50
30/10/2020 05:00,3.936563761,821.7202797,1,3,,50
30/10/2020 06:00,61.4288172,965.1673699,1,2,,50
30/10/2020 07:00,186.8020909,2126.696503,1,1,,50
30/10/2020 08:00,2733.145529,2600.158996,0,0,,50
30/10/2020 09:00,5884.6057,2914.361111,0,0,,50
30/10/2020 10:00,6901.15693,1253.501393,0,0,,50
30/10/2020 11:00,7040.862813,8951.597493,0,0,,50
30/10/2020 12:00,6626.093962,7547.694561,0,0,,50
30/10/2020 13:00,5482.024919,9088.020891,0,0,,50
30/10/2020 14:00,3370.852156,11067.93593,0,0,,50
30/10/2020 15:00,167.7565282,14094.03203,0,0,,50
30/10/2020 16:00,31.87071641,8789.814505,0,0,,50
30/10/2020 17:00,0,5617.078212,0,0,,50
30/10/2020 18:00,1.267174676,3620.892458,0,0,,50
30/10/2020 19:00,0,4315.956704,0,0,,50
30/10/2020 20:00,1.295379505,2454.393855,1,22,0.2,51
30/10/2020 21:00,0,818.8451883,1,21,,51
30/10/2020 22:00,0,749.8075314,1,20,,51
30/10/2020 23:00,2.626895895,764.7130919,1,19,,51
31/10/2020 00:00,0,755.0362622,1,18,,51
31/10/2020 01:00,1.3175334,653.888424,1,17,,51
31/10/2020 02:00,0,705.5577191,1,16,,51
31/10/2020 03:00,0,625.952514,1,15,,51
31/10/2020 04:00,0,747.7053073,1,14,,51
31/10/2020 05:00,0,754.5810056,1,13,,51
31/10/2020 06:00,61.59695734,978.8756983,1,12,,51
31/10/2020 07:00,370.7629941,2608.48743,1,11,,51
31/10/2020 08:00,4229.603373,3596.665272,1,10,,51
31/10/2020 09:00,5202.58858,6102.432961,1,9,,51
31/10/2020 10:00,7025.278544,8404.680168,1,8,,51
31/10/2020 11:00,6854.848584,12806.58438,1,7,,51
31/10/2020 12:00,4472.777215,13045.59666,1,6,,51
31/10/2020 13:00,5181.305789,9700.414465,1,5,,51
31/10/2020 14:00,2962.836467,3304.046025,1,4,,51
31/10/2020 15:00,244.5319747,3478.572626,1,3,,51
31/10/2020 16:00,63.09972394,3050.608939,1,2,,51
31/10/2020 17:00,1.247519145,2105.240223,1,1,,51
31/10/2020 18:00,0,2365.071031,0,0,,51
31/10/2020 19:00,0,2349.800279,1,17,0.3,52
31/10/2020 20:00,0,2332.23743,1,16,,52
31/10/2020 21:00,2.628465072,2322.779167,1,15,,52
31/10/2020 22:00,1.312546299,2365.51046,1,14,,52
31/10/2020 23:00,0,2241.405292,1,13,,52
01/11/2020 00:00,0,1099.751743,1,12,,52
01/11/2020 01:00,1.310707064,704.550765,1,11,,52
01/11/2020 02:00,1.308929949,722.9401947,1,10,,52
01/11/2020 03:00,1.291661022,631.1216783,1,9,,52
01/11/2020 04:00,1.273467417,721.5097765,1,8,,52
01/11/2020 05:00,0,703.9357542,1,7,,52
01/11/2020 06:00,76.23349286,679.8743017,1,6,,52
01/11/2020 07:00,696.0842479,751.8493724,1,5,,52
01/11/2020 08:00,2278.509294,606.6415621,1,4,,52
01/11/2020 09:00,1340.968297,677.6750349,1,3,,52
01/11/2020 10:00,3590.968295,661.1283124,1,2,,52
01/11/2020 11:00,2698.44784,756.1490251,1,1,,52
01/11/2020 12:00,3182.451879,686.6290098,0,0,,52
01/11/2020 13:00,2018.002493,608.5620642,0,0,,52
01/11/2020 14:00,841.7545127,656.356546,0,0,,52
01/11/2020 15:00,241.0530047,627.348675,0,0,,52
01/11/2020 16:00,11.00076002,642.9469274,0,0,,52
01/11/2020 17:00,0,2527.617318,0,0,,52
01/11/2020 18:00,2.693028624,5063.24162,0,0,,52
01/11/2020 19:00,1.274986347,6050.166898,0,0,,52
01/11/2020 20:00,0,10859.47559,1,18,0.5,53
01/11/2020 21:00,0,7823.144847,1,17,,53
01/11/2020 22:00,0,731.9331476,1,16,,53
01/11/2020 23:00,1.300715138,767.1396648,1,15,,53
02/11/2020 00:00,2.622668241,683.0389972,1,14,,53
02/11/2020 01:00,0,696.4317549,1,13,,53
02/11/2020 02:00,2.578754858,679.4325452,1,12,,53
02/11/2020 03:00,1.296276085,676.2430168,1,11,,53
02/11/2020 04:00,0,659.7723464,1,10,,53
02/11/2020 05:00,0,665.575419,1,9,,53
02/11/2020 06:00,109.1154552,703.2695531,1,8,,53
02/11/2020 07:00,300.6709378,3619.47067,1,7,,53
02/11/2020 08:00,3810.627607,2578.09484,1,6,,53
02/11/2020 09:00,5721.564393,4052.884078,1,5,,53
02/11/2020 10:00,6569.787688,2369.303073,1,4,,53
02/11/2020 11:00,6718.469102,2388.356546,1,3,,53
02/11/2020 12:00,6335.980424,2554.917942,1,2,,53
02/11/2020 13:00,5354.364942,2456.547983,1,1,,53
02/11/2020 14:00,3046.447061,967.7416201,0,0,,53
02/11/2020 15:00,185.8307771,1056.653631,0,0,,53
02/11/2020 16:00,39.65348086,698.0656425,0,0,,53
02/11/2020 17:00,0,684.472067,0,0,,53
02/11/2020 18:00,0,779.9106145,0,0,,53
02/11/2020 19:00,1.2795726,623.773743,0,0,,53
02/11/2020 20:00,0,749.1924686,1,14,0.4,54
02/11/2020 21:00,0,1026.769124,1,13,,54
02/11/2020 22:00,0,2333.883171,1,12,,54
02/11/2020 23:00,0,2365.747207,1,11,,54
03/11/2020 00:00,2.613911128,2283.196927,1,10,,54
03/11/2020 01:00,0,2233.65,1,9,,54
03/11/2020 02:00,0,2341.679666,1,8,,54
03/11/2020 03:00,0,2300.75,1,7,,54
03/11/2020 04:00,0,2059.219274,1,6,,54
03/11/2020 05:00,0,721.5591099,1,5,,54
03/11/2020 06:00,38.18369251,698.3198324,1,4,,54
03/11/2020 07:00,151.0780547,765.2192737,1,3,,54
03/11/2020 08:00,3835.936742,1022.709497,1,2,,54
03/11/2020 09:00,4499.367938,7060.54242,1,1,,54
03/11/2020 10:00,3781.932472,10530.62849,0,0,,54
03/11/2020 11:00,6275.257429,8803.768802,0,0,,54
03/11/2020 12:00,3103.719289,5757.94429,0,0,,54
03/11/2020 13:00,2967.028728,9300.703755,0,0,,54
03/11/2020 14:00,1152.908536,3569.300836,0,0,,54
03/11/2020 15:00,201.0178189,1058.187151,0,0,,54
03/11/2020 16:00,11.08712759,1007.261173,0,0,,54
03/11/2020 17:00,0,952.3337989,0,0,,54
03/11/2020 18:00,0,1057.837989,0,0,,54
03/11/2020 19:00,1.330244984,959.3980447,1,21,0.4,55
03/11/2020 20:00,0,1052.838215,1,20,,55
03/11/2020 21:00,0,1000.596932,1,19,,55
03/11/2020 22:00,0,1049.810321,1,18,,55
03/11/2020 23:00,1.37531684,1022.690808,1,17,,55
04/11/2020 00:00,5.643526466,998.8449721,1,16,,55
04/11/2020 01:00,2.788303481,1024.561594,1,15,,55
04/11/2020 02:00,4.149299186,1018.308511,1,14,,55
04/11/2020 03:00,1.387735752,1032.757925,1,13,,55
04/11/2020 04:00,1.367480157,1042.894737,1,12,,55
04/11/2020 05:00,1.368366009,961.1695906,1,11,,55
04/11/2020 06:00,47.39582142,996.9033149,1,10,,55
04/11/2020 07:00,603.3762065,10878.38964,1,9,,55
04/11/2020 08:00,2094.231445,4527.367318,1,8,,55
04/11/2020 09:00,2219.059359,6591.814246,1,7,,55
04/11/2020 10:00,5330.146026,7862.414465,1,6,,55
04/11/2020 11:00,4911.80441,11779.18498,1,5,,55
04/11/2020 12:00,5899.625564,13527.28033,1,4,,55
04/11/2020 13:00,3734.341096,13650.27654,1,3,,55
04/11/2020 14:00,2872.193559,7812.068436,1,2,,55
04/11/2020 15:00,430.0166477,5248.252793,1,1,,55
04/11/2020 16:00,16.40283794,3491.382682,0,0,,55
04/11/2020 17:00,0,3131.464435,0,0,,55
04/11/2020 18:00,0,3218.52095,0,0,,55
04/11/2020 19:00,0,3390.291086,0,0,,55
04/11/2020 20:00,0,2817.370474,0,0,,55
04/11/2020 21:00,0,2538.044506,0,0,,55
04/11/2020 22:00,1.395388714,1226.27933,1,16,0.3,56
04/11/2020 23:00,0,1031.038943,1,15,,56
05/11/2020 00:00,0,1014.114525,1,14,,56
05/11/2020 01:00,0,1004.308659,1,13,,56
05/11/2020 02:00,0,1004.571031,1,12,,56
05/11/2020 03:00,0,1043.868715,1,11,,56
05/11/2020 04:00,1.350554259,1063.801676,1,10,,56
05/11/2020 05:00,2.707554692,1077.389121,1,9,,56
05/11/2020 06:00,30.3239235,1257.460362,1,8,,56
05/11/2020 07:00,123.8940833,3954.203911,1,7,,56
05/11/2020 08:00,3975.232309,2138.384722,1,6,,56
05/11/2020 09:00,5808.292336,3580.185237,1,5,,56
05/11/2020 10:00,7147.582147,3833.988842,1,4,,56
05/11/2020 11:00,6552.010744,11495.85056,1,3,,56
05/11/2020 12:00,6423.625071,15310.25419,1,2,,56
05/11/2020 13:00,5250.740944,16453.74022,1,1,,56
05/11/2020 14:00,2423.069952,14672.14106,0,0,,56
05/11/2020 15:00,130.085223,8464.606398,0,0,,56
05/11/2020 16:00,20.13939286,6965.559275,1,24,0.4,57
05/11/2020 17:00,3.983117486,6449.047486,1,23,,57
05/11/2020 18:00,0,6227.662031,1,22,,57
05/11/2020 19:00,4.020833084,4997.520891,1,21,,57
05/11/2020 20:00,1.347726364,3033.296657,1,20,,57
05/11/2020 21:00,0,853.8451883,1,19,,57
05/11/2020 22:00,0,879.1073919,1,18,,57
05/11/2020 23:00,0,893.3277545,1,17,,57
06/11/2020 00:00,2.800632019,701.0893855,1,16,,57
06/11/2020 01:00,0,846.353352,1,15,,57
06/11/2020 02:00,0,870.7894737,1,14,,57
06/11/2020 03:00,1.3397298,740.1037234,1,13,,57
06/11/2020 04:00,0,979.244186,1,12,,57
06/11/2020 05:00,1.321905699,889.5901163,1,11,,57
06/11/2020 06:00,42.33510818,762.7076503,1,10,,57
06/11/2020 07:00,157.9472404,4894.188953,1,9,,57
06/11/2020 08:00,3860.248606,8193.241096,1,8,,57
06/11/2020 09:00,5826.953515,13267.97601,1,7,,57
06/11/2020 10:00,6735.047704,19049.21508,1,6,,57
06/11/2020 11:00,6959.656097,15849.32542,1,5,,57
06/11/2020 12:00,6474.754047,17560.65922,1,4,,57
06/11/2020 13:00,5318.569975,10170.39136,1,3,,57
06/11/2020 14:00,2289.92814,5290.775,1,2,,57
06/11/2020 15:00,141.0917956,5156.755927,1,1,,57
06/11/2020 16:00,18.98418328,6168.467967,0,0,,57
06/11/2020 17:00,0,8499.178771,0,0,,57
06/11/2020 18:00,2.637310327,7245.203911,0,0,,57
06/11/2020 19:00,0,3423.471409,0,0,,57
06/11/2020 20:00,0,1791.634214,0,0,,57
06/11/2020 21:00,0,1220.185754,0,0,,57
06/11/2020 22:00,1.363567743,1110.050279,1,18,0.3,58
06/11/2020 23:00,0,994.9804469,1,17,,58
07/11/2020 00:00,1.361613933,1090.065369,1,16,,58
07/11/2020 01:00,1.350176723,1093.04463,1,15,,58
07/11/2020 02:00,0,1046.756643,1,14,,58
07/11/2020 03:00,0,1024.311453,1,13,,58
07/11/2020 04:00,2.647373661,1012.738462,1,12,,58
07/11/2020 05:00,0,1167.450867,1,11,,58
07/11/2020 06:00,45.52660634,1157.732657,1,10,,58
07/11/2020 07:00,235.0235906,4284.643266,1,9,,58
07/11/2020 08:00,3886.731704,7160.473464,1,8,,58
07/11/2020 09:00,5957.889502,8397.543296,1,7,,58
07/11/2020 10:00,6899.736045,17104.16061,1,6,,58
07/11/2020 11:00,6984.577045,20314.09916,1,5,,58
07/11/2020 12:00,6536.3908,17562.93305,1,4,,58
07/11/2020 13:00,3909.712108,7044,1,3,,58
07/11/2020 14:00,2271.719195,6117.889972,1,2,,58
07/11/2020 15:00,471.0120412,8799.715481,1,1,,58
07/11/2020 16:00,18.92283622,6702.037709,0,0,,58
07/11/2020 17:00,2.561174519,4738.758717,1,21,0.5,59
07/11/2020 18:00,0,3637.647552,1,20,,59
07/11/2020 19:00,0,1997.456704,1,19,,59
07/11/2020 20:00,2.605144768,1169.604749,1,18,,59
07/11/2020 21:00,2.653208043,870.8882682,1,17,,59
07/11/2020 22:00,0,857.8463687,1,16,,59
07/11/2020 23:00,1.330338018,907.1612903,1,15,,59
08/11/2020 00:00,0,721.174581,1,14,,59
08/11/2020 01:00,0,851.7130919,1,13,,59
08/11/2020 02:00,0,855.729805,1,12,,59
08/11/2020 03:00,0,769.4895397,1,11,,59
08/11/2020 04:00,0,852.2622036,1,10,,59
08/11/2020 05:00,2.549502828,943.4658298,1,9,,59
08/11/2020 06:00,34.29127723,2657.204451,1,8,,59
08/11/2020 07:00,296.9165247,5245.465084,1,7,,59
08/11/2020 08:00,2952.632459,8198.444134,1,6,,59
08/11/2020 09:00,5931.753388,12387.68575,1,5,,59
08/11/2020 10:00,6852.657885,12930.55866,1,4,,59
08/11/2020 11:00,6946.348597,11373.36718,1,3,,59
08/11/2020 12:00,5889.891494,4221.283727,1,2,,59
08/11/2020 13:00,2556.600786,4553.461003,1,1,,59
08/11/2020 14:00,1484.767921,5428.873259,0,0,,59
08/11/2020 15:00,226.332343,5235.908078,0,0,,59
08/11/2020 16:00,17.3296026,5186.948468,0,0,,59
08/11/2020 17:00,0,4913.249304,0,0,,59
08/11/2020 18:00,0,2365.555866,1,20,0.3,60
08/11/2020 19:00,0,1653.501397,1,19,,60
08/11/2020 20:00,2.693026796,1214.272059,1,18,,60
08/11/2020 21:00,0,1105.949721,1,17,,60
08/11/2020 22:00,0,1068.282337,1,16,,60
08/11/2020 23:00,1.366188089,1018.430362,1,15,,60
09/11/2020 00:00,0,1042.632823,1,14,,60
09/11/2020 01:00,0,1074.810056,1,13,,60
09/11/2020 02:00,0,1046.331006,1,12,,60
09/11/2020 03:00,0,982.3868715,1,11,,60
09/11/2020 04:00,0,999.4860724,1,10,,60
09/11/2020 05:00,2.66050848,1006.395251,1,9,,60
09/11/2020 06:00,25.17057078,4127.90436,1,8,,60
09/11/2020 07:00,141.8414309,7747.706704,1,7,,60
09/11/2020 08:00,3601.835043,10907.71089,1,6,,60
09/11/2020 09:00,5734.612411,13656.21727,1,5,,60
09/11/2020 10:00,6718.938098,19763.61034,1,4,,60
09/11/2020 11:00,6885.897817,14620.9429,1,3,,60
09/11/2020 12:00,6430.068247,6385.913649,1,2,,60
09/11/2020 13:00,5255.640123,5339.805014,1,1,,60
09/11/2020 14:00,2117.107801,4844.079498,0,0,,60
