,pv,load,pv_ev,pv_load,pv_grid,grid_ev,grid_load,ev_load,ev_grid,y_buy,y_sell,y_ch,y_dis,soc,avail,episode
2020-09-10 20:00:00,0.0,1037.040278,0.0,0.0,0.0,3700.0000000000023,1037.040278,0.0,0.0,1.0000000000000002,-0.0,1.0,-0.0,0.4,1.0,1.0
2020-09-10 21:00:00,0.0,1092.4134080000001,0.0,0.0,0.0,1193.8246398589436,1092.4134080000001,0.0,0.0,1.0,-0.0,1.0,-0.0,0.6196875000000002,1.0,1.0
2020-09-10 22:00:00,0.0,1080.702514,0.0,0.0,0.0,0.0,613.0886233006486,467.6138906993515,0.0,1.0,0.0,0.0,1.0,0.6905708379916249,1.0,1.0
2020-09-10 23:00:00,0.0,920.5418993999999,0.0,0.0,0.0,0.0,343.19917666375034,577.3427227362496,0.0,1.0,-0.0,0.0,1.0,0.6598067662350886,1.0,1.0
2020-09-11 00:00:00,0.0,660.3026499,0.0,0.0,0.0,0.0,0.0,660.3026499,307.7052953528839,0.0,1.0,0.0,1.0,0.6218236923708617,1.0,1.0
2020-09-11 01:00:00,0.0,831.0111421,0.0,0.0,0.0,0.0,-1.1368683772161603e-13,831.0111421000001,0.0,0.0,-0.0,0.0,1.0,0.5581389591305403,1.0,1.0
2020-09-11 02:00:00,0.0,1365.934449,0.0,0.0,0.0,0.0,1041.7697234013701,324.1647255986299,0.0,1.0,-0.0,0.0,1.0,0.5034671734660666,1.0,1.0
2020-09-11 03:00:00,0.0,907.2416667000001,0.0,0.0,0.0,0.0,3.410605131648481e-13,907.2416666999998,0.0,0.0,-0.0,0.0,1.0,0.48214054678194623,1.0,1.0
2020-09-11 04:00:00,0.0,784.1243017,0.0,0.0,0.0,0.0,131.8961653987892,652.2281363012108,1.1368683772161603e-13,1.0,-0.0,0.0,1.0,0.4224535950253673,1.0,1.0
2020-09-11 05:00:00,123.0946942,701.1787709,0.0,123.0946942,0.0,0.0,61.34715394852674,516.7369227514732,0.0,1.0,-0.0,0.0,1.0,0.3795438492160771,1.0,1.0
2020-09-11 06:00:00,238.3826361,900.0991619999999,0.0,238.3826361,0.0,0.0,0.0,661.7165258999999,0.0,-0.0,0.0,0.0,1.0,0.3455479990350591,1.0,1.0
2020-09-11 07:00:00,3000.5420940000004,1236.959666,1763.5824280000004,1236.959666,0.0,0.0,0.0,0.0,0.0,-0.0,1.0,1.0,-0.0,0.3020140170679539,1.0,1.0
2020-09-11 08:00:00,5156.354494,1323.973501,3391.41695212975,1323.973501,440.9640408702503,0.0,0.0,0.0,0.0,0.0,1.0,1.0,-0.0,0.40672672373045393,1.0,1.0
2020-09-11 09:00:00,8026.459612999999,1203.4164349999999,3700.0,1203.4164349999999,3123.043177999999,0.0,-2.2737367544323206e-13,2.2737367544323206e-13,0.0,0.0,1.0,1.0,-0.0,0.6080921052631578,1.0,1.0
2020-09-11 10:00:00,9530.092063,1072.589136,0.0,1072.589136,8457.502927,0.0,-4.547473508864641e-13,4.547473508864641e-13,3700.0,0.0,1.0,0.0,1.0,0.8277796052631579,1.0,1.0
2020-09-11 11:00:00,9784.508711,1076.067039,3311.5314763872716,1076.067039,5396.910195612729,0.0,4.547473508864641e-13,-4.547473508864641e-13,0.0,0.0,1.0,1.0,-0.0,0.5843585526315789,1.0,1.0
2020-09-11 12:00:00,7474.396629999999,1093.392458,140.07141894105538,1093.392458,6240.9327530589435,0.0,-2.2737367544323206e-13,2.2737367544323206e-13,0.0,0.0,1.0,1.0,-0.0,0.7809807340420731,1.0,1.0
2020-09-11 13:00:00,9147.567409000001,1166.733612,3548.6741129819256,1166.733612,4432.1596840180755,0.0,0.0,0.0,0.0,0.0,1.0,1.0,0.0,0.7892974745416983,1.0,1.0
2020-09-11 14:00:00,4730.256606,1276.840056,0.0,1276.840056,3453.41655,0.0,0.0,0.0,0.0,0.0,1.0,1.0,-0.0,1.0,1.0,1.0
2020-09-11 15:00:00,1248.927095,1184.5572630000001,0.0,1184.5572630000001,64.36983199999986,0.0,0.0,0.0,0.0,0.0,1.0,0.0,0.0,1.0,0.0,1.0
2020-09-11 16:00:00,726.4170779,992.7559275,0.0,726.4170779,0.0,0.0,266.3388496,0.0,0.0,1.0,0.0,0.0,0.0,1.0,0.0,1.0
2020-09-11 17:00:00,109.8302345,1329.72905,0.0,109.83023449999996,0.0,0.0,1219.8988155,0.0,0.0,1.0,0.0,0.0,0.0,1.0,0.0,1.0
2020-09-11 18:00:00,2.478346459,901.0810056,0.0,2.478346459000022,0.0,0.0,898.602659141,0.0,0.0,1.0,0.0,0.0,0.0,1.0,0.0,1.0
2020-09-11 19:00:00,0.0,868.4986034,0.0,0.0,0.0,0.0,868.4986034,0.0,0.0,1.0,0.0,0.0,0.0,1.0,0.0,1.0
2020-09-11 20:00:00,0.0,1606.705307,0.0,0.0,0.0,0.0,1606.705307,0.0,0.0,1.0,0.0,0.0,0.0,1.0,0.0,1.0
2020-09-11 21:00:00,0.0,1368.5788009999999,0.0,0.0,0.0,0.0,1368.5788009999999,0.0,0.0,1.0,0.0,0.0,0.0,1.0,0.0,1.0
2020-09-11 22:00:00,0.0,1344.326843,0.0,0.0,0.0,3700.0,1344.326843,0.0,0.0,0.9999999999999998,-0.0,1.0,-0.0,0.4,1.0,2.0
2020-09-11 23:00:00,1.271405388,1335.3002789999998,0.0,1.271405388,0.0,3700.0000000000023,1334.0288736119996,0.0,0.0,0.9999999999999997,-0.0,1.0,0.0,0.6196875000000001,1.0,2.0
2020-09-12 00:00:00,0.0,764.9930362000001,0.0,0.0,0.0,2705.2631578947357,764.9930362000001,0.0,0.0,0.9999999999999996,-0.0,1.0,-0.0,0.8393750000000002,1.0,2.0
2020-09-12 01:00:00,0.0,843.8100559000001,0.0,0.0,0.0,0.0,843.8100558999995,5.684341886080801e-13,0.0,1.0,0.0,0.0,1.0,1.0000000000000002,1.0,2.0
2020-09-12 02:00:00,0.0,1149.4603619999998,0.0,0.0,0.0,0.0,1149.4603619999998,0.0,0.0,1.0,0.0,0.0,1.0,1.0,1.0,2.0
2020-09-12 03:00:00,0.0,1063.476323,0.0,0.0,0.0,0.0,295.3766889521703,768.0996340478298,0.0,1.0,0.0,0.0,1.0,1.0,1.0,2.0
2020-09-12 04:00:00,0.0,848.5132497000002,0.0,0.0,0.0,851.0799269228057,848.5132497000002,0.0,0.0,0.9999999999999994,-0.0,1.0,-0.0,0.9494671293389585,1.0,2.0
2020-09-12 05:00:00,48.53608331,3842.340782,0.0,48.53608330999987,1.3500311979441904e-13,0.0,2190.7952775454883,1603.0094211445123,0.0,1.0,0.0,0.0,1.0,1.0,1.0,2.0
2020-09-12 06:00:00,204.4760775,3407.0614530000003,204.4760775,0.0,0.0,1262.6786364255302,3407.061453,0.0,0.0,1.0,0.0,1.0,0.0,0.8945388538720715,1.0,2.0
2020-09-12 07:00:00,2809.1755420000004,3192.6284920000003,0.0,2809.1755420000004,0.0,0.0,0.0,383.4529499999999,2676.8947581732796,-0.0,1.0,0.0,1.0,0.9816511650113999,1.0,2.0
2020-09-12 08:00:00,5480.510971,1985.586592,3494.9243789999996,1985.586592,0.0,0.0,0.0,0.0,0.0,-0.0,-0.0,1.0,-0.0,0.7803125,1.0,2.0
2020-09-12 09:00:00,7555.792566,2592.5614530000003,0.0,2592.5614530000003,4963.231113,0.0,0.0,0.0,0.0,0.0,1.0,0.0,0.0,0.9878236350031249,0.0,2.0
2020-09-12 10:00:00,8421.263073,1385.623955,2640.733383257192,1385.623955,4394.905734742808,0.0,0.0,0.0,0.0,0.0,1.0,1.0,-0.0,0.4,1.0,3.0
2020-09-12 11:00:00,7810.166637,1664.246175,2068.6360258552354,1664.246175,4077.2844361447646,0.0,-2.2737367544323206e-13,2.2737367544323206e-13,0.0,0.0,1.0,1.0,-0.0,0.5567935446308958,1.0,3.0
2020-09-12 12:00:00,5994.321657,2882.659693,3111.6619640000004,2882.659693,0.0,0.0,0.0,0.0,0.0,0.0,1.0,1.0,0.0,0.6796188086660504,1.0,3.0
2020-09-12 13:00:00,2867.764377,2789.655028,1.3642420526593924e-12,2789.655028,78.10934899999847,0.0,0.0,0.0,3699.9999999999977,-0.0,1.0,5.551115123125783e-16,0.9999999999999994,0.8643737377785504,1.0,3.0
2020-09-12 14:00:00,2310.332014,3830.953911,0.0,2310.332014,0.0,0.0,1520.621897,0.0,0.0,1.0,-0.0,1.0,0.0,0.6209526851469718,1.0,3.0
2020-09-12 15:00:00,1047.628823,4441.67364,1047.628823,0.0,0.0,992.8534267779255,4441.67364,0.0,0.0,1.0,-0.0,1.0,0.0,0.6209526851469718,1.0,3.0
2020-09-12 16:00:00,657.9203717999999,3198.544568,554.086410912309,103.83396088769086,0.0,0.0,3094.710607112309,0.0,0.0,1.0,-0.0,1.0,-0.0,0.7421063187275361,1.0,3.0
2020-09-12 17:00:00,122.1642918,1393.214784,0.0,122.1642918,0.0,3477.78858254883,1271.0504922,0.0,0.0,1.0,-0.0,1.0,0.0,0.7750051993754544,1.0,3.0
2020-09-12 18:00:00,1.25986816,1201.205307,0.0,1.25986816,0.0,0.0,0.0,1199.94543884,1389.1341032017087,-0.0,1.0,0.0,1.0,0.9814988964642912,1.0,3.0
2020-09-12 19:00:00,0.0,1303.298883,0.0,0.0,0.0,670.2589065807498,1303.298883,0.0,0.0,1.0,-0.0,1.0,-0.0,0.8111647160668104,1.0,3.0
2020-09-12 20:00:00,0.0,1288.847765,0.0,0.0,0.0,2510.1248228203403,1288.847765,0.0,0.0,0.9999999999999997,-0.0,1.0,-0.0,0.8509613386450424,1.0,3.0
2020-09-12 21:00:00,0.0,1754.068436,0.0,0.0,0.0,0.0,1754.0684359999996,4.547473508864641e-13,0.0,1.0,0.0,0.0,1.0,1.0000000000000002,1.0,3.0
2020-09-12 22:00:00,0.0,1140.6396650000002,0.0,0.0,0.0,0.0,1140.6396650000006,-4.547473508864641e-13,0.0,1.0,0.0,0.0,1.0,1.0,1.0,3.0
2020-09-12 23:00:00,0.0,1122.342179,0.0,0.0,0.0,0.0,1122.3421789999993,6.821210263296962e-13,0.0,1.0,0.0,0.0,1.0,1.0,1.0,3.0
2020-09-13 00:00:00,0.0,1196.8326359999999,0.0,0.0,0.0,0.0,1196.8326359999992,6.821210263296962e-13,0.0,1.0,0.0,0.0,1.0,1.0,1.0,3.0
2020-09-13 01:00:00,0.0,1452.040334,0.0,0.0,0.0,0.0,487.62098784415684,964.4193461558432,0.0,1.0,0.0,0.0,1.0,1.0,1.0,3.0
2020-09-13 02:00:00,0.0,1078.7367689999999,0.0,0.0,0.0,0.0,0.0,1078.7367689999999,0.0,1.0,-0.0,0.0,1.0,0.9365513588055366,1.0,3.0
2020-09-13 03:00:00,0.0,1132.062674,0.0,0.0,0.0,0.0,0.0,1132.062674,1293.317052075174,0.0,1.0,0.0,1.0,0.8655818345292209,1.0,3.0
2020-09-13 04:00:00,0.0,1054.044568,0.0,0.0,0.0,0.0,0.0,1054.044568,582.4549668415088,0.0,1.0,0.0,1.0,0.7060173788663805,1.0,3.0
2020-09-13 05:00:00,83.54916063,4355.20781,1.8474111129762605e-13,83.54916063,-1.8474111129762605e-13,818.1669101933464,4271.65864937,0.0,0.0,1.0,0.0,1.0,-0.0,0.5983529357847023,1.0,3.0
2020-09-13 06:00:00,350.4102743,2630.154167,0.0,350.4102743,0.0,0.0,-6.0822458181064576e-12,2279.743892700006,0.0,1.0,-0.0,0.0,1.0,0.6469315960774322,1.0,3.0
2020-09-13 07:00:00,2896.761519,3398.984658,0.0,2896.761519,0.0,0.0,0.0,502.2231390000037,3197.7768610000003,0.0,1.0,0.0,1.0,0.4969484452419055,1.0,3.0
2020-09-13 08:00:00,5710.432725,4601.225941,1109.206784,4601.225941,0.0,0.0,0.0,0.0,0.0,-0.0,1.0,1.0,-0.0,0.2535273926103263,1.0,3.0
2020-09-13 09:00:00,7608.343123999999,4461.723849,3146.619274999999,4461.723849,0.0,0.0,0.0,0.0,0.0,-0.0,1.0,1.0,-0.0,0.3193865454103263,1.0,3.0
2020-09-13 10:00:00,8583.995952,2698.643454,3700.0,2698.643454,2185.3524979999993,0.0,0.0,0.0,0.0,0.0,1.0,1.0,-0.0,0.5062170648634512,1.0,3.0
2020-09-13 11:00:00,8908.461143,2527.6220359999998,1707.807580604903,2527.6220359999998,4673.031526395098,0.0,0.0,0.0,0.0,0.0,1.0,1.0,-0.0,0.7259045648634512,1.0,3.0
2020-09-13 12:00:00,8785.340084,4888.0656420000005,2908.5365901159207,4888.0656420000005,988.7378518840783,0.0,0.0,0.0,0.0,0.0,1.0,1.0,-0.0,0.8273056399618673,1.0,3.0
2020-09-13 13:00:00,8028.3221730000005,2592.775766,0.0,2592.7757660000016,5435.546406999998,0.0,-1.3642420526593924e-12,0.0,0.0,0.0,1.0,0.0,0.0,1.0000000000000002,0.0,3.0
2020-09-13 14:00:00,6393.266753,3277.072323,0.0,3277.0723230000012,3116.1944299999986,0.0,-1.3642420526593924e-12,0.0,0.0,0.0,1.0,0.0,0.0,1.0,0.0,3.0
2020-09-13 15:00:00,4482.19254,4476.469443999999,0.0,4476.469444,5.723096000000169,0.0,-4.547473508864641e-13,0.0,0.0,0.0,1.0,0.0,0.0,1.0,0.0,3.0
2020-09-13 16:00:00,1898.6338230000001,1437.460251,1898.6338230000001,0.0,0.0,1801.3661769999999,1437.460251,0.0,0.0,1.0,-0.0,1.0,0.0,0.2,1.0,4.0
2020-09-13 17:00:00,170.2129871,1179.899582,0.0,170.2129871,0.0,3569.991051690219,1009.6865948999998,0.0,0.0,1.0,-0.0,1.0,0.0,0.4196875,1.0,4.0
2020-09-13 18:00:00,1.245296399,1232.798331,0.0,1.245296399,0.0,3700.0000000000005,1231.5530346009996,0.0,0.0,1.0,-0.0,1.0,0.0,0.6316557186941067,1.0,4.0
2020-09-13 19:00:00,0.0,1718.5875,0.0,0.0,0.0,2336.2648714633997,1718.5875,0.0,0.0,1.0,-0.0,1.0,-0.0,0.8513432186941068,1.0,4.0
2020-09-13 20:00:00,0.0,1269.919107,0.0,0.0,0.0,167.42828737269778,1269.919107,0.0,0.0,1.0,-0.0,1.0,-0.0,0.9900589454372462,1.0,4.0
2020-09-13 21:00:00,0.0,1093.899582,0.0,0.0,0.0,0.0,1025.9076327406528,67.99194925934717,0.0,1.0,0.0,0.0,1.0,1.0,1.0,4.0
2020-09-13 22:00:00,0.0,1108.369081,0.0,0.0,0.0,75.33733989955306,1108.369081,0.0,0.0,1.0,-0.0,1.0,-0.0,0.995526845443464,1.0,4.0
2020-09-13 23:00:00,0.0,1121.0265359999999,0.0,0.0,0.0,0.0,1121.0265359999994,4.547473508864641e-13,0.0,1.0,0.0,0.0,1.0,1.0,1.0,4.0
2020-09-14 00:00:00,0.0,1825.706215,0.0,0.0,0.0,0.0,1825.7062150000002,-2.2737367544323206e-13,0.0,0.9999999999999996,4.440892098500626e-16,0.0,1.0,1.0,1.0,4.0
2020-09-14 01:00:00,0.0,980.3310056,0.0,0.0,0.0,0.0,657.2053081348986,323.12569746510144,0.0,1.0,0.0,0.0,1.0,1.0,1.0,4.0
2020-09-14 02:00:00,0.0,1038.634078,0.0,0.0,0.0,0.0,1038.634078,0.0,0.0,1.0,-0.0,1.0,-0.0,0.9787417304299275,1.0,4.0
2020-09-14 03:00:00,0.0,1085.5125699999999,0.0,0.0,0.0,0.0,0.0,1085.5125699999999,7.389644451905042e-11,0.0,2.826421870349188e-14,0.0,1.0,0.9787417304299275,1.0,4.0
2020-09-14 04:00:00,0.0,1118.335655,0.0,0.0,0.0,0.0,65.55744170754156,1052.7782132924585,0.0,1.0,-0.0,0.0,1.0,0.9073264297720279,1.0,4.0
2020-09-14 05:00:00,90.99163443,1976.851182,0.0,90.99163443,0.0,0.0,0.0,1885.8595475700001,0.0,-0.0,0.0,0.0,1.0,0.8380647052133136,1.0,4.0
2020-09-14 06:00:00,341.30669869999997,6112.601955,2.2737367544323206e-13,341.30669869999997,-2.2737367544323206e-13,0.0,3326.877825156197,2444.417431143803,0.0,1.0,0.0,0.0,1.0,0.7139949981363398,1.0,4.0
2020-09-14 07:00:00,2936.703793,5355.0670390000005,0.0,2936.703793,0.0,0.0,0.0,2418.3632460000003,1281.6367540000037,0.0,1.0,0.0,1.0,0.5531780618768792,1.0,4.0
2020-09-14 08:00:00,5682.006101,10261.77654,0.0,5682.006101,0.0,0.0,2911.4638984714393,1668.3065405285608,0.0,1.0,0.0,0.0,1.0,0.30975700924530003,1.0,4.0
2020-09-14 09:00:00,7472.64561,3666.48324,3700.0,3666.48324,106.16236999999956,0.0,0.0,0.0,0.0,0.0,1.0,1.0,0.0,0.19999999999999998,1.0,4.0
2020-09-14 10:00:00,8646.57704,3599.2924789999997,3700.0,3599.2924789999997,1347.2845610000004,0.0,0.0,0.0,0.0,0.0,1.0,1.0,-0.0,0.4196875,1.0,4.0
2020-09-14 11:00:00,9239.809304,3418.7743729999997,3700.0,3418.7743729999997,2121.034931,0.0,-4.547473508864641e-13,4.547473508864641e-13,0.0,0.0,1.0,1.0,0.0,0.639375,1.0,4.0
2020-09-14 12:00:00,9032.392087999999,2542.9902230000002,442.3435738215269,2542.9902230000002,6047.058291178471,0.0,-4.547473508864641e-13,4.547473508864641e-13,0.0,0.0,1.0,1.0,-0.0,0.8590625000000001,1.0,4.0
2020-09-14 13:00:00,8374.00155,2955.60251,491.5466594246821,2955.60251,4926.852380575318,0.0,-4.547473508864641e-13,4.547473508864641e-13,0.0,0.0,1.0,1.0,-0.0,0.8853266496956532,1.0,4.0
2020-09-14 14:00:00,6798.619973000001,2719.339286,1439.7939772801071,2719.339286,2639.486709719894,0.0,0.0,0.0,0.0,0.0,1.0,0.9999999999999996,-0.0,0.9145122325989937,1.0,4.0
2020-09-14 15:00:00,4684.877057,2940.515363,0.0,2940.5153630000013,1744.3616939999986,0.0,-1.1368683772161603e-12,0.0,0.0,0.0,1.0,0.0,0.0,1.0,0.0,4.0
2020-09-14 16:00:00,1489.962653,1509.761173,0.0,1489.962653,0.0,0.0,19.798520000000053,0.0,0.0,1.0,0.0,0.0,0.0,1.0,0.0,4.0
2020-09-14 17:00:00,155.2095626,2195.885475,0.0,155.20956260000003,0.0,0.0,2040.6759124,0.0,0.0,1.0,0.0,0.0,0.0,1.0,0.0,4.0
2020-09-14 18:00:00,1.245780652,4292.019526,0.0,1.2457806519996666,0.0,0.0,4290.773745348,0.0,0.0,1.0,0.0,0.0,0.0,1.0,0.0,4.0
2020-09-14 19:00:00,0.0,2573.898329,0.0,0.0,0.0,0.0,2573.898329,0.0,0.0,1.0,0.0,0.0,0.0,1.0,0.0,4.0
2020-09-14 20:00:00,0.0,1232.428173,0.0,0.0,0.0,3700.0000000000023,1232.428173,0.0,0.0,1.0000000000000002,-0.0,1.0,-0.0,0.4,1.0,5.0
2020-09-14 21:00:00,0.0,1248.171309,0.0,0.0,0.0,3700.0000000000005,1248.171309,0.0,0.0,0.9999999999999998,-0.0,1.0,-0.0,0.6196875000000002,1.0,5.0
2020-09-14 22:00:00,0.0,1161.52514,0.0,0.0,0.0,2705.2631578947357,1161.52514,0.0,0.0,0.9999999999999998,-0.0,1.0,-0.0,0.8393750000000002,1.0,5.0
2020-09-14 23:00:00,0.0,1090.174581,0.0,0.0,0.0,0.0,0.0,1090.174581,0.0,-0.0,1.0,0.0,1.0,1.0000000000000002,1.0,5.0
2020-09-15 00:00:00,0.0,1115.405028,0.0,0.0,0.0,0.0,1115.405028,0.0,0.0,1.0,-0.0,1.0,-0.0,0.9282779880921053,1.0,5.0
2020-09-15 01:00:00,0.0,720.488145,0.0,0.0,0.0,0.0,720.488145,0.0,0.0,1.0,-0.0,1.0,-0.0,0.9282779880921053,1.0,5.0
2020-09-15 02:00:00,0.0,798.5927475999999,0.0,0.0,0.0,0.0,798.5927475999999,0.0,0.0,1.0,-0.0,1.0,-0.0,0.9282779880921053,1.0,5.0
2020-09-15 03:00:00,0.0,1916.1717879999999,0.0,0.0,0.0,0.0,1916.1717879999999,0.0,0.0,1.0,-0.0,1.0,-0.0,0.9282779880921053,1.0,5.0
2020-09-15 04:00:00,0.0,1151.018156,0.0,0.0,0.0,0.0,1151.018156,0.0,0.0,1.0,-0.0,1.0,-0.0,0.9282779880921053,1.0,5.0
2020-09-15 05:00:00,51.49734535,1486.0027929999999,0.0,51.49734535,0.0,0.0,0.0,1434.50544765,0.0,-0.0,-0.0,0.0,1.0,0.9282779880921053,1.0,5.0
2020-09-15 06:00:00,183.11495969999999,2521.583799,0.0,183.11495969999999,0.0,0.0,1110.3544032742589,1228.1144360257413,0.0,1.0,-0.0,0.0,1.0,0.8339026296940789,1.0,5.0
2020-09-15 07:00:00,2740.277528,3130.5293300000003,0.0,2740.277528,0.0,0.0,0.0,390.2518020000002,0.0,0.0,0.0,0.0,1.0,0.7531056273239644,1.0,5.0
2020-09-15 08:00:00,5610.139434000001,2440.5,2742.003631746619,2440.5,427.6358022533823,0.0,0.0,0.0,0.0,-0.0,1.0,1.0,-0.0,0.7274311666660696,1.0,5.0
2020-09-15 09:00:00,7336.273581,4154.739191,0.0,4154.739191,3181.5343900000007,0.0,0.0,0.0,0.0,0.0,1.0,1.0,-0.0,0.890237632301025,1.0,5.0
2020-09-15 10:00:00,8360.987281,9089.090278,0.0,8360.987281,0.0,0.0,0.0,728.102997,0.0,-0.0,0.0,0.0,1.0,0.8902376323010243,1.0,5.0
2020-09-15 11:00:00,8815.233733,2395.539749,2655.391674265301,2395.539749,3764.3023097346986,0.0,0.0,0.0,0.0,0.0,1.0,1.0,-0.0,0.8423361193404979,1.0,5.0
2020-09-15 12:00:00,8539.667454999999,4867.191074,0.0,4867.191074,3672.4763809999986,0.0,0.0,0.0,0.0,0.0,1.0,0.0,0.0,1.0000000000000002,0.0,5.0
2020-09-15 13:00:00,7692.844495,5795.873259,0.0,5795.873259000004,1896.9712359999971,0.0,-3.183231456205249e-12,0.0,0.0,0.0,1.0,0.0,0.0,1.0,0.0,5.0
2020-09-15 14:00:00,6007.489098,4760.615599000001,0.0,4760.615599000001,1246.8734989999994,0.0,0.0,0.0,0.0,0.0,1.0,0.0,0.0,1.0,0.0,5.0
2020-09-15 15:00:00,3497.781706,5551.615599000001,0.0,3497.781706,0.0,0.0,2053.8338930000004,0.0,0.0,1.0,0.0,0.0,0.0,1.0,0.0,5.0
2020-09-15 16:00:00,1266.646325,1630.417827,0.0,1266.646325,0.0,0.0,363.77150200000005,0.0,0.0,1.0,0.0,0.0,0.0,1.0,0.0,5.0
2020-09-15 17:00:00,112.6407852,1485.144847,2.7284841053187847e-12,112.64078519999727,0.0,3700.0,1372.504061800003,0.0,0.0,1.0,-0.0,1.0,0.0,0.4,1.0,6.0
2020-09-15 18:00:00,0.0,2220.041841,0.0,0.0,0.0,3700.0,2220.041841,0.0,0.0,1.0,-0.0,1.0,-0.0,0.6196875000000002,1.0,6.0
2020-09-15 19:00:00,0.0,3049.803621,0.0,0.0,0.0,2662.9771509143334,3049.803621,0.0,0.0,1.0,-0.0,1.0,-0.0,0.8393750000000002,1.0,6.0
2020-09-15 20:00:00,0.0,2811.932961,0.0,0.0,0.0,0.0,2811.932961,0.0,0.0,1.0,-0.0,1.0,-0.0,0.9974892683355387,1.0,6.0
2020-09-15 21:00:00,0.0,2842.125348,0.0,0.0,0.0,42.28600698040003,2842.125348,0.0,0.0,0.9999999999999996,-0.0,1.0,-0.0,0.9974892683355387,1.0,6.0
2020-09-15 22:00:00,0.0,2770.198611,0.0,0.0,0.0,0.0,2770.198611,0.0,0.0,1.0,0.0,0.0,1.0,1.0,1.0,6.0
2020-09-15 23:00:00,0.0,2710.700974,0.0,0.0,0.0,0.0,1863.0809470304484,847.6200269695514,0.0,1.0,0.0,0.0,1.0,1.0,1.0,6.0
2020-09-16 00:00:00,0.0,2801.5648539999997,0.0,0.0,0.0,0.0,2801.5648539999997,0.0,0.0,1.0,-0.0,1.0,-0.0,0.944235524541477,1.0,6.0
2020-09-16 01:00:00,0.0,1852.536857,0.0,0.0,0.0,0.0,1852.536857,0.0,0.0,1.0,-0.0,0.0,1.0,0.944235524541477,1.0,6.0
2020-09-16 02:00:00,0.0,872.3030726,0.0,0.0,0.0,0.0,872.3030726,0.0,0.0,1.0,-0.0,1.0,-0.0,0.944235524541477,1.0,6.0
2020-09-16 03:00:00,0.0,1088.584722,0.0,0.0,0.0,0.0,0.0,1088.584722,1228.3700641217956,-0.0,1.0,0.0,1.0,0.944235524541477,1.0,6.0
2020-09-16 04:00:00,0.0,1146.7375,0.0,0.0,0.0,0.0,1146.7375,0.0,0.0,1.0,-0.0,1.0,-0.0,0.7918042886124115,1.0,6.0
2020-09-16 05:00:00,46.8860606,1850.0977649999998,0.0,46.8860606,0.0,0.0,1803.2117043999997,0.0,0.0,1.0,-0.0,1.0,-0.0,0.7918042886124115,1.0,6.0
2020-09-16 06:00:00,223.0873048,4473.817803,3.126388037344441e-13,223.0873048,-3.126388037344441e-13,0.0,2626.6634772128778,1624.0670209871225,0.0,1.0,0.0,0.0,1.0,0.7918042886124115,1.0,6.0
2020-09-16 07:00:00,784.0654527,5190.532775,-3.410605131648481e-13,784.0654527,3.410605131648481e-13,0.0,706.4673222999769,3700.0000000000227,0.0,1.0,0.0,-5.995204332975845e-15,1.000000000000006,0.684957774073785,1.0,6.0
2020-09-16 08:00:00,6023.961512,3614.3226259999997,2409.638886,3614.3226259999997,0.0,0.0,0.0,0.0,0.0,-0.0,1.0,1.0,-0.0,0.44153672144220457,1.0,6.0
2020-09-16 09:00:00,4559.932970000001,9142.78352,0.0,4559.932970000001,0.0,0.0,1100.8819135680214,3481.9686364319787,0.0,1.0,0.0,0.0,1.0,0.5846090302984546,1.0,6.0
2020-09-16 10:00:00,9898.452038,2259.5572629999997,3700.0,2259.5572629999997,3938.8947749999998,0.0,0.0,0.0,0.0,0.0,1.0,1.0,0.0,0.3555321463226665,1.0,6.0
2020-09-16 11:00:00,4479.808163000001,3948.2751399999997,531.5330230000009,3948.2751399999997,0.0,0.0,0.0,0.0,0.0,-0.0,1.0,1.0,0.0,0.5752196463226665,1.0,6.0
2020-09-16 12:00:00,4097.190883,3401.892458,2922.662407355088,1174.5284756449128,0.0,0.0,2227.363982355087,0.0,0.0,1.0,-0.0,1.0,-0.0,0.6067794195632916,1.0,6.0
2020-09-16 13:00:00,3075.4814309999997,6473.075419,3075.4814309999997,0.0,0.0,624.5185690000003,6473.075419,0.0,0.0,1.0,-0.0,1.0,-0.0,0.7803125,1.0,6.0
2020-09-16 14:00:00,2842.267532,4405.962447999999,0.0,2842.267532,0.0,0.0,1563.6949159999995,0.0,0.0,1.0,0.0,0.0,0.0,1.0,0.0,6.0
2020-09-16 15:00:00,1172.345082,3150.355153,0.0,1172.345082,0.0,0.0,1978.010071,0.0,0.0,1.0,0.0,0.0,0.0,1.0,0.0,6.0
2020-09-16 16:00:00,1124.3053009999999,1201.631433,0.0,1124.3053009999999,0.0,0.0,77.32613200000014,0.0,0.0,1.0,0.0,0.0,0.0,1.0,0.0,6.0
2020-09-16 17:00:00,79.43744489,2691.068436,0.0,79.43744488999982,0.0,0.0,2611.63099111,0.0,0.0,1.0,0.0,0.0,0.0,1.0,0.0,6.0
2020-09-16 18:00:00,0.0,4230.187151,0.0,0.0,0.0,3700.0000000000014,4230.187151,-4.547473508864641e-13,0.0,1.0,0.0,1.0,-0.0,0.3,1.0,7.0
2020-09-16 19:00:00,0.0,2224.844755,0.0,0.0,0.0,3700.0,2224.844755,0.0,0.0,1.0,-0.0,1.0,-0.0,0.5196875000000001,1.0,7.0
2020-09-16 20:00:00,0.0,1298.709318,0.0,0.0,0.0,3700.0,1298.709318,0.0,0.0,0.9999999999999998,-0.0,1.0,-0.0,0.7393750000000001,1.0,7.0
2020-09-16 21:00:00,0.0,1236.831241,0.0,0.0,0.0,689.4736842105252,1236.831241,0.0,0.0,0.9999999999999996,-0.0,1.0,-0.0,0.9590625000000002,1.0,7.0
2020-09-16 22:00:00,0.0,2055.9791379999997,0.0,0.0,0.0,0.0,2035.156732991216,20.82240500878379,0.0,1.0,0.0,0.0,1.0,1.0,1.0,7.0
2020-09-16 23:00:00,0.0,1096.016736,0.0,0.0,0.0,0.0,1096.016736,0.0,0.0,1.0,-0.0,1.0,-0.0,0.9986301049336327,1.0,7.0
2020-09-17 00:00:00,0.0,1140.2972220000001,0.0,0.0,0.0,0.0,0.0,1140.2972220000001,0.0,0.0,1.0,0.0,1.0,0.99863010493363,1.0,7.0
2020-09-17 01:00:00,0.0,977.5006954,0.0,0.0,0.0,1286.5591435000824,977.5006954,0.0,0.0,1.0,-0.0,1.0,-0.0,0.9236105508546827,1.0,7.0
2020-09-17 02:00:00,0.0,1250.0139470000001,0.0,0.0,0.0,0.0,1250.0139469999995,6.821210263296962e-13,0.0,0.9999999999999986,1.4432899320127035e-15,0.0,1.0,1.0,1.0,7.0
2020-09-17 03:00:00,0.0,1668.2994429999999,0.0,0.0,0.0,0.0,1668.2994429999999,0.0,0.0,1.0,0.0,0.0,1.0,1.0,1.0,7.0
2020-09-17 04:00:00,0.0,1111.133705,0.0,0.0,0.0,0.0,1111.1337050000002,-2.2737367544323206e-13,0.0,1.0,0.0,0.0,1.0,1.0,1.0,7.0
2020-09-17 05:00:00,48.39025924,1459.548117,0.0,48.39025924,0.0,0.0,1411.15785776,0.0,0.0,0.9999999999999992,0.0,0.0,1.0,1.0,1.0,7.0
2020-09-17 06:00:00,191.4435322,3841.659218,0.0,191.4435322,0.0,0.0,3650.2156858,0.0,0.0,1.0,-0.0,0.0,1.0,1.0,1.0,7.0
2020-09-17 07:00:00,2667.042807,5056.0166899999995,0.0,2667.042807,0.0,0.0,2388.9738829999997,0.0,0.0,1.0,0.0,0.0,1.0,1.0,1.0,7.0
2020-09-17 08:00:00,5595.357819,1756.9106149999998,0.0,1756.9106149999998,3838.447204,0.0,0.0,0.0,0.0,0.0,1.0,-0.0,-0.0,1.0,1.0,7.0
2020-09-17 09:00:00,7347.706511,1468.0642460000001,0.0,1468.0642460000008,5879.6422649999995,0.0,-6.821210263296962e-13,0.0,0.0,0.0,1.0,0.0,0.0,1.0,0.0,7.0
2020-09-17 10:00:00,8308.907145000001,10403.3844,0.0,8308.907145000001,0.0,0.0,2094.477255,0.0,0.0,1.0,0.0,0.0,0.0,1.0,0.0,7.0
2020-09-17 11:00:00,8747.241598999999,3183.879888,0.0,3183.8798880000004,5563.361711,0.0,-4.547473508864641e-13,0.0,0.0,0.0,1.0,0.0,0.0,1.0,0.0,7.0
2020-09-17 12:00:00,8701.866113,4462.794693,0.0,4462.794693,4239.07142,0.0,0.0,0.0,0.0,0.0,1.0,0.0,0.0,1.0,0.0,7.0
2020-09-17 13:00:00,6595.714318,4735.420613,0.0,4735.420613,1860.293705,0.0,0.0,0.0,0.0,0.0,1.0,0.0,0.0,1.0,0.0,7.0
2020-09-17 14:00:00,1042.8654880000001,5833.899721,0.0,1042.8654880000004,0.0,0.0,4791.034232999999,0.0,0.0,1.0,0.0,0.0,0.0,1.0,0.0,7.0
2020-09-17 15:00:00,1767.557345,7443.557879999999,0.0,1767.5573450000002,0.0,0.0,5676.000534999999,0.0,0.0,1.0,0.0,0.0,0.0,1.0,0.0,7.0
2020-09-17 16:00:00,841.9141674000001,4084.167832,0.0,841.9141674000002,0.0,0.0,3242.2536646,0.0,0.0,1.0,0.0,0.0,0.0,1.0,0.0,7.0
2020-09-17 17:00:00,66.09776224,4089.988827,0.0,66.09776224,0.0,3699.999999999999,4023.89106476,0.0,0.0,1.0,0.0,1.0,0.0,0.2,1.0,8.0
2020-09-17 18:00:00,0.0,4551.270195,0.0,0.0,0.0,3700.0000000000005,4551.270195000001,-4.547473508864641e-13,0.0,1.0,0.0,1.0,-0.0,0.4196875,1.0,8.0
2020-09-17 19:00:00,1.20743725,4597.935933,1.1191048088221578e-13,1.20743725,-1.1191048088221578e-13,3700.0000000000005,4596.72849575,0.0,0.0,1.0,0.0,1.0,-0.0,0.639375,1.0,8.0
2020-09-17 20:00:00,1.223485665,3856.475593,2.2581936320875684e-13,1.223485665,-2.2581936320875684e-13,2373.684210526317,3855.252107335,0.0,0.0,1.0,0.0,1.0,-0.0,0.8590625000000001,1.0,8.0
2020-09-17 21:00:00,2.484897009,1519.367318,0.0,2.484897009,0.0,0.0,1516.8824209910001,0.0,0.0,0.9999999999999992,-0.0,0.0,1.0,1.0000000000000002,1.0,8.0
2020-09-17 22:00:00,1.246177597,1182.485396,0.0,1.246177597,0.0,0.0,1181.239218403,0.0,0.0,1.0,-0.0,0.0,1.0,1.0000000000000002,1.0,8.0
2020-09-17 23:00:00,0.0,1117.123611,0.0,0.0,0.0,0.0,1117.123610999999,9.094947017729282e-13,0.0,1.0,0.0,0.0,1.0,1.0000000000000002,1.0,8.0
2020-09-18 00:00:00,1.26929825,1149.51676,0.0,1.26929825,0.0,0.0,1148.24746175,0.0,0.0,0.9999999999999994,-0.0,0.0,1.0,1.0,1.0,8.0
2020-09-18 01:00:00,0.0,1771.516713,0.0,0.0,0.0,0.0,1771.516713000001,-9.094947017729282e-13,0.0,1.0,0.0,0.0,1.0,1.0,1.0,8.0
2020-09-18 02:00:00,0.0,1080.3342619999999,0.0,0.0,0.0,0.0,0.0,1080.3342619999999,0.0,-0.0,1.0,0.0,1.0,1.0,1.0,8.0
2020-09-18 03:00:00,0.0,1007.3519550000001,0.0,0.0,0.0,0.0,1007.3519550000001,0.0,0.0,1.0,-0.0,1.0,-0.0,0.9289253774999999,1.0,8.0
2020-09-18 04:00:00,0.0,1207.579609,0.0,0.0,0.0,0.0,401.4720956194159,806.107513380584,0.0,1.0,-0.0,0.0,1.0,0.9289253774999999,1.0,8.0
2020-09-18 05:00:00,79.02547343,1978.96648,0.0,79.02547343,0.0,0.0,1899.9410065700001,0.0,0.0,1.0,-0.0,0.0,1.0,0.8758919884618036,1.0,8.0
2020-09-18 06:00:00,290.4431563,2712.272346,0.0,290.4431563,0.0,0.0,2421.8291897000004,0.0,0.0,1.0,-0.0,1.0,-0.0,0.8758919884618036,1.0,8.0
2020-09-18 07:00:00,2615.175679,1972.139665,643.0360139999984,1972.1396650000015,0.0,0.0,0.0,0.0,0.0,-0.0,-0.0,1.0,-0.0,0.8758919884618036,1.0,8.0
2020-09-18 08:00:00,5551.564136,2347.873082,1447.20418032751,2347.873082,1756.48687367249,0.0,0.0,0.0,0.0,0.0,1.0,1.0,-0.0,0.9140722517930542,1.0,8.0
2020-09-18 09:00:00,7445.668437,10157.28889,0.0,7445.668437,0.0,0.0,0.0,2711.6204529999995,167.1424233009078,0.0,1.0,0.0,1.0,1.0000000000000042,1.0,8.0
2020-09-18 10:00:00,8496.038518000001,2083.502786,3189.764959890133,2083.502786,3222.770772109868,0.0,0.0,0.0,0.0,0.0,1.0,1.0,-0.0,0.8106077055065235,1.0,8.0
2020-09-18 11:00:00,8994.915733,3810.0403899999997,0.0,3810.040390000002,5184.875342999998,0.0,-2.2737367544323206e-12,0.0,0.0,0.0,1.0,0.0,0.0,1.0000000000000002,0.0,8.0
2020-09-18 12:00:00,8957.486192,4678.293872,0.0,4678.293872,4279.19232,0.0,0.0,0.0,0.0,0.0,1.0,0.0,0.0,1.0,0.0,8.0
2020-09-18 13:00:00,7949.059440999999,6788.209205,0.0,6788.209205000003,1160.850235999997,0.0,-2.2737367544323206e-12,0.0,0.0,0.0,1.0,0.0,0.0,1.0,0.0,8.0
2020-09-18 14:00:00,5932.056802,4484.588563,0.0,4484.588563,1447.4682389999998,0.0,0.0,0.0,0.0,0.0,1.0,0.0,0.0,1.0,0.0,8.0
2020-09-18 15:00:00,2863.5667829999998,5181.866481,0.0,2863.5667829999998,0.0,0.0,2318.2996980000003,0.0,0.0,1.0,0.0,0.0,0.0,1.0,0.0,8.0
2020-09-18 16:00:00,1437.501894,2967.7395539999998,0.0,1437.501894,0.0,0.0,1530.2376599999998,0.0,0.0,1.0,0.0,0.0,0.0,1.0,0.0,8.0
2020-09-18 17:00:00,122.2485029,2842.301676,0.0,122.24850289999995,0.0,0.0,2720.0531731,0.0,0.0,1.0,0.0,0.0,0.0,1.0,0.0,8.0
2020-09-18 18:00:00,0.0,1815.0,0.0,0.0,0.0,0.0,1815.0,0.0,0.0,1.0,0.0,0.0,0.0,1.0,0.0,8.0
2020-09-18 19:00:00,0.0,1546.054469,0.0,0.0,0.0,0.0,1546.054469,0.0,0.0,1.0,0.0,0.0,0.0,1.0,0.0,8.0
2020-09-18 20:00:00,0.0,1209.993017,0.0,0.0,0.0,0.0,1209.993017,0.0,0.0,1.0,0.0,0.0,0.0,1.0,0.0,8.0
2020-09-18 21:00:00,0.0,987.4371507999999,0.0,0.0,0.0,3700.0000000000023,987.4371507999999,0.0,0.0,1.0000000000000002,-0.0,1.0,-0.0,0.4,1.0,9.0
2020-09-18 22:00:00,0.0,950.0083799,0.0,0.0,0.0,3700.0,950.0083799,0.0,0.0,0.9999999999999998,-0.0,1.0,-0.0,0.6196875000000002,1.0,9.0
2020-09-18 23:00:00,0.0,1495.364017,0.0,0.0,0.0,2705.2631578947335,1495.364017,0.0,0.0,0.9999999999999991,-0.0,1.0,-0.0,0.8393750000000002,1.0,9.0
2020-09-19 00:00:00,0.0,850.2726008,0.0,0.0,0.0,0.0,850.272600799999,9.094947017729282e-13,0.0,1.0,0.0,0.0,1.0,1.0,1.0,9.0
2020-09-19 01:00:00,0.0,832.7252441,0.0,0.0,0.0,0.0,832.7252441,0.0,0.0,1.0,0.0,0.0,1.0,1.0,1.0,9.0
2020-09-19 02:00:00,0.0,1492.578212,0.0,0.0,0.0,0.0,1492.5782120000003,-4.547473508864641e-13,0.0,0.9999999999999994,5.551115123125783e-16,0.0,1.0,1.0,1.0,9.0
2020-09-19 03:00:00,0.0,742.575419,0.0,0.0,0.0,0.0,742.5754190000007,-6.821210263296962e-13,0.0,1.0,0.0,0.0,1.0,1.0,1.0,9.0
2020-09-19 04:00:00,1.238920792,926.1432545,0.0,1.238920792,0.0,0.0,924.904333708,0.0,0.0,0.9999999999999992,-0.0,0.0,1.0,1.0,1.0,9.0
2020-09-19 05:00:00,81.69014415,1873.5612809999998,0.0,81.69014415,0.0,0.0,-7.105427357601002e-14,1791.8711368499999,0.0,1.0,-0.0,0.0,1.0,1.0,1.0,9.0
2020-09-19 06:00:00,400.5849067,2153.947075,400.5849067,0.0,0.0,1584.8678765132981,2153.947075,0.0,0.0,1.0,-0.0,1.0,0.0,0.8821137409967106,1.0,9.0
2020-09-19 07:00:00,753.4911304,2853.2751399999997,0.0,753.4911304,0.0,0.0,-2.2737367544323206e-13,2099.7840096,1600.215990400001,0.0,1.0,0.0,1.0,1.0000000000000002,1.0,9.0
2020-09-19 08:00:00,1477.729951,3431.431564,0.0,1477.729951,0.0,0.0,52.419596154500596,1901.2820168454994,0.0,1.0,0.0,0.0,1.0,0.7565789473684212,1.0,9.0
2020-09-19 09:00:00,2629.210291,3275.822626,0.0,2629.210291,0.0,0.0,646.6123350000003,0.0,0.0,1.0,-0.0,1.0,-0.0,0.6314946041549016,1.0,9.0
2020-09-19 10:00:00,1268.7133410000001,6543.76676,4.547473508864641e-13,1268.7133410000001,-4.547473508864641e-13,3700.0,5275.053419,0.0,0.0,1.0,0.0,1.0,-0.0,0.631494604154886,1.0,9.0
2020-09-19 11:00:00,2538.432394,5986.055866,0.0,2538.432394,0.0,0.0,1246.4192571508934,2201.2042148491064,0.0,1.0,-0.0,0.0,1.0,0.851182104154886,1.0,9.0
2020-09-19 12:00:00,2019.479813,4697.438547,0.0,2019.479813,0.0,0.0,2677.958734,0.0,0.0,1.0,-0.0,1.0,0.0,0.7063660373884975,1.0,9.0
2020-09-19 13:00:00,4337.579357,8018.740947,0.0,4337.579357,0.0,3700.0000000000005,3681.161590000001,0.0,0.0,1.0000000000000002,0.0,1.0,0.0,0.706366037388489,1.0,9.0
2020-09-19 14:00:00,5101.9611780000005,4934.0991619999995,1245.4141071412369,3856.5470708587636,0.0,0.0,1077.552091141236,0.0,0.0,0.9999999999999974,-0.0,1.0,-0.0,0.9260535373884891,1.0,9.0
2020-09-19 15:00:00,2869.3834460000003,3920.275,0.0,2869.3834460000003,0.0,0.0,0.0,1050.8915539999998,1202.8165287779236,0.0,1.0,0.0,1.0,1.0,1.0,9.0
2020-09-19 16:00:00,1899.7711510000001,1841.004184,1899.7711510000001,0.0,0.0,597.4123202220783,1841.004184,0.0,0.0,1.0,-0.0,1.0,-0.0,0.8517297313961892,1.0,9.0
2020-09-19 17:00:00,95.66656306,892.1227336000001,0.0,95.66656306000004,0.0,0.0,796.45617054,0.0,0.0,1.0,0.0,0.0,0.0,1.0000000000000002,0.0,9.0
2020-09-19 18:00:00,2.4665356480000002,2137.201389,0.0,2.46653564799999,0.0,0.0,2134.734853352,0.0,0.0,1.0,0.0,0.0,0.0,1.0,0.0,9.0
2020-09-19 19:00:00,0.0,2986.4965230000003,0.0,0.0,0.0,0.0,2986.4965230000003,0.0,0.0,1.0,0.0,0.0,0.0,1.0,0.0,9.0
2020-09-19 20:00:00,1.259289067,1433.919107,-4.547473508864641e-13,1.2592890670002816,1.7319479184152442e-13,3700.0000000000005,1432.6598179329997,0.0,0.0,1.0,0.0,1.0,0.0,0.2,1.0,10.0
2020-09-19 21:00:00,0.0,850.8091922,0.0,0.0,0.0,3700.0,850.8091922,0.0,0.0,0.9999999999999998,-0.0,1.0,-0.0,0.4196875,1.0,10.0
2020-09-19 22:00:00,0.0,1461.970711,0.0,0.0,0.0,3700.0,1461.970711,0.0,0.0,1.0,-0.0,1.0,-0.0,0.639375,1.0,10.0
2020-09-19 23:00:00,0.0,837.4986034,0.0,0.0,0.0,2373.684210526317,837.4986034,0.0,0.0,0.9999999999999996,-0.0,1.0,-0.0,0.8590625000000001,1.0,10.0
2020-09-20 00:00:00,0.0,1566.8774369999999,0.0,0.0,0.0,0.0,942.4854169440259,624.392020055974,0.0,1.0,0.0,0.0,1.0,1.0000000000000002,1.0,10.0
2020-09-20 01:00:00,0.0,815.0389972,0.0,0.0,0.0,691.8471136354282,815.0389972,0.0,0.0,0.9999999999999991,-0.0,1.0,-0.0,0.9589215776278965,1.0,10.0
2020-09-20 02:00:00,0.0,821.7479109,0.0,0.0,0.0,0.0,458.9956081217206,362.7523027782794,0.0,1.0,0.0,0.0,1.0,1.0,1.0,10.0
2020-09-20 03:00:00,0.0,726.3894297999999,0.0,0.0,0.0,0.0,726.3894297999999,0.0,0.0,1.0,-0.0,1.0,-0.0,0.9761347169224817,1.0,10.0
2020-09-20 04:00:00,1.319959616,1370.0625,1.319959616,0.0,0.0,63.16300522724448,1370.0625,0.0,0.0,1.0,-0.0,1.0,-0.0,0.9761347169224817,1.0,10.0
2020-09-20 05:00:00,55.33626056,930.3551532,55.33626056,0.0,0.0,282.12238432337915,930.3551532,0.0,0.0,0.9999999999999979,0.0,1.0,0.0,0.9799633929600493,1.0,10.0
2020-09-20 06:00:00,478.68515830000007,668.9329609,0.0,478.68515830000007,0.0,0.0,5.684341886080802e-14,190.2478025999999,2253.1556945073007,-0.0,1.0,0.0,1.0,1.0,1.0,10.0
2020-09-20 07:00:00,2484.311607,3271.324513,0.0,2484.311607,0.0,0.0,787.0129059999999,0.0,0.0,1.0,-0.0,1.0,0.0,0.8392497699271513,1.0,10.0
2020-09-20 08:00:00,5559.885609,2782.445682,2707.3722959637703,2782.445682,70.06763103622961,0.0,0.0,0.0,0.0,0.0,1.0,1.0,0.0,0.8392497699271513,1.0,10.0
2020-09-20 09:00:00,7932.147826,3835.413649,0.0,3835.413649,4096.734177,0.0,0.0,0.0,3700.0,0.0,1.0,0.0,1.0,1.0000000000000002,1.0,10.0
2020-09-20 10:00:00,9416.497345,3284.212291,1835.9271880127317,3284.212291,4296.357865987268,0.0,0.0,0.0,0.0,0.0,1.0,1.0,-0.0,0.756578947368421,1.0,10.0
2020-09-20 11:00:00,6644.375584,2701.614525,2263.7958036770224,2701.614525,1678.965255322978,0.0,0.0,0.0,0.0,0.0,1.0,1.0,-0.0,0.8655871241566769,1.0,10.0
2020-09-20 12:00:00,2989.2394329999997,2216.124302,0.0,2216.124302,773.1151309999996,0.0,0.0,0.0,3339.2499999999995,0.0,1.0,0.0,1.0,1.0000000000000002,1.0,10.0
2020-09-20 13:00:00,1184.1691150000001,2453.694134,1184.1691150000001,0.0,0.0,2515.830885,2453.694134,0.0,0.0,1.0,-0.0,1.0,-0.0,0.7803125000000003,1.0,10.0
2020-09-20 14:00:00,971.7061557,2471.1536309999997,0.0,971.7061557,0.0,0.0,1499.4474752999997,0.0,0.0,1.0,0.0,0.0,0.0,1.0000000000000002,0.0,10.0
2020-09-20 15:00:00,1599.203336,2124.8421789999998,0.0,1599.203336,0.0,0.0,525.6388429999997,0.0,0.0,1.0,0.0,0.0,0.0,1.0,0.0,10.0
2020-09-20 16:00:00,544.3288444,730.0920502,0.0,544.3288444,0.0,0.0,185.76320580000004,0.0,0.0,1.0,0.0,0.0,0.0,1.0,0.0,10.0
2020-09-20 17:00:00,44.23515009,820.4295676,0.0,44.23515009000005,0.0,0.0,776.19441751,0.0,0.0,1.0,0.0,0.0,0.0,1.0,0.0,10.0
2020-09-20 18:00:00,0.0,797.4839609,0.0,0.0,0.0,0.0,797.4839609,0.0,0.0,1.0,0.0,0.0,0.0,1.0,0.0,10.0
2020-09-20 19:00:00,0.0,1743.8156420000003,0.0,0.0,0.0,0.0,1743.8156420000003,0.0,0.0,1.0,0.0,0.0,0.0,1.0,0.0,10.0
2020-09-20 20:00:00,0.0,925.6337047000001,0.0,0.0,0.0,0.0,925.6337047000001,0.0,0.0,1.0,0.0,0.0,0.0,1.0,0.0,10.0
